Lp.;Nazwa Muzeum;Kod pocztowy;Miejscowość;ul./Al./Pl./;Ulica;Numer domu;Numer lokalu;Nazwa Organizatora /Założyciela;Data wpisu do Państwowego Rejestru Muzeów (dotyczy Muzeum wpisanego do Państwowego Rejestru Muzeów);Status muzeum
1;Centralne Muzeum Jeńców Wojennych w Łambinowicach - Opolu ;45-017;Opole;ul.;Minorytów;3;;Województwo Opolskie;06.07.1998;Samorządowe
2;Centralne Muzeum Pożarnictwa w Mysłowicach;41-400;Mysłowice;ul.;Stadionowa;7a;;Komenda Główna Państwowej Straży Pożarnej ;;Samorządowe
3;Centralne Muzeum Włókiennictwa w Łodzi;93-034;Łódź;ul.;Piotrkowska;282;;Miasto Łódź ;28.06.2013;Samorządowe
4;Interaktywne Muzeum Państwa Krzyżackiego w Działdowie  ;13-200;Działdowo;ul.;Mickiewicza;43;;Gmina – Miasto Działdowo ;;Samorządowe
5;Lubuskie Muzeum Wojskowe w Zielonej Górze z siedzibą w Drzonowie ;66-008;Świdnica;ul.;Drzonów;54;;Miasto Zielona Góra;06.07.1998;Samorządowe
6;Miejskie Muzeum Zabawek ze zbiorów Henryka Tomaszewskiego;58-540;Karpacz;ul.;Kolejowa;3;;Gmina Karpacz ;;Samorządowe
7;Międzyrzecki Rejon Umocniony - Muzeum Fortyfikacji i Nietoperzy w Pniewie ;66-300;Międzyrzecz;ul.;Pniewo;1;;Gmina Międzyrzecz;;Samorządowe
8;Muzeum Czartoryskich w Puławach (w organizacji);24-100;Puławy;ul. ;Czartoryskich ;8;;Miasto Puławy ;;Samorządowe
9;Muzeum „Górnośląski Park Etnograficzny w Chorzowie”;41-500;Chorzów;ul.;Parkowa;25;;Województwo Śląskie;;Samorządowe
10;Muzeum Archeologiczne w Biskupinie;88-410;Gąsawa;ul.;Biskupin;17;;Województwo Kujawsko – Pomorskie ;;Samorządowe
11;Muzeum Archeologiczne w Gdańsku;80-958;Gdańsk;ul.;Mariacka;25;26;Województwo Pomorskie ;;Samorządowe
12;Muzeum Archeologiczne w Krakowie;31-002;Kraków;ul.;Senacka;3;;Województwo Małopolskie;07.07.2006;Samorządowe
13;Muzeum Archeologiczne w Poznaniu;61-781;Poznań;ul.;Wodna;27;;Miasto Poznań ;28.12.1998;Samorządowe
14;Muzeum Archeologiczne i Etnograficzne w Łodzi;91-415;Łódź;pl.;Wolności;14;;Województwo Łódzkie ;28.12.1998;Samorządowe
15;Muzeum Archeologiczne Środkowego Nadodrza w Zielonej Górze z siedzibą w Świdnicy;66-008;Świdnica;ul.;Długa;27;;Miasto Zielona Góra;06.07.1998;Samorządowe
16;Muzeum Archeologiczno-Historyczne w Elblągu;82-300;Elbląg;ul.;Bulwar Zygmunta Augusta;11;;Gmina Miasto Elbląg;;Samorządowe
17;Muzeum Archeologiczno-Historyczne w Głogowie;67-200;Głogów;ul.;Brama Brzostowska;1;;Gmina Miejska Głogów;30.12.2008;Samorządowe
18;Muzeum Archeologiczno – Historyczne w Stargardzie ;73-110;Stargard;ul.;Rynek Staromiejski;2-;4;Gmina Miasto Stargard ;;Samorządowe
19;Muzeum Architektury we Wrocławiu;50-156;Wrocław;ul.;Bernardyńska;5;;Gmina Wrocław;28.06.2013;Samorządowe
20;Muzeum Armii Krajowej im. gen. Emila Fieldorfa ,,Nila” w Krakowie;31-511;Kraków;ul.;Wita Stwosza;12;;Gmina Miejska Kraków i Województwo Małopolskie;;Samorządowe
21;Muzeum Augusta Zamoyskiego w Jabłoniu ;21-205;Jabłoń;ul.;Augusta Zamoyskiego;9A;;Gmina Jabłoń;;Samorządowe
22;Muzeum Azji i Pacyfiku w Warszawie;00-403;Warszawa;ul.;Solec;24;;Województwo Mazowieckie;28.12.1998;Samorządowe
23;Muzeum Bitwy pod Grunwaldem w Stębarku;14-107;Gietrzwałd;ul.;Stębark;1;;Województwo Warmińsko- Mazurskie ;;Samorządowe
24;Muzeum Budownictwa Ludowego – Park Etnograficzny w Olsztynku;11-015;Olsztynek;ul.;Leśna;23;;Województwo Warmińsko – Mazurskie ;30.12.2008;Samorządowe
25;Muzeum Budownictwa Ludowego w Sanoku;38-500;Sanok;ul.;Traugutta;3;;Województwo Podkarpackie ;21.09.2005;Samorządowe
26;Muzeum Ceramiki w Bolesławcu;59-700;Bolesławiec;ul.;Mickiewicza;13;;Gmina Miejska Bolesławiec;;Samorządowe
27;Muzeum Częstochowskie;42-217;Częstochowa;Aleja;Najświętszej Marii Panny;47;;Gmina Częstochowa;;Samorządowe
28;Muzeum Dawnego Kupiectwa w Świdnicy;58-100;Świdnica;ul.;Rynek;37;;Gmina Miasto Świdnica;;Samorządowe
29;Muzeum Dobranocek ze Zbiorów Wojciecha Jamy w Rzeszowie;35-064;Rzeszów;ul.;Mickiewicza;13;;Gmina Miasto Rzeszów;;Samorządowe
30;Muzeum Dulag 121;05-800;Pruszków;ul.;3 Maja ;8a;;Powiat Pruszkowski;;Samorządowe
31;Muzeum - Dwory Karwacjanów i Gładyszów;38-300;Gorlice;ul.;Wróblewskiego;10a;;Województwo Małopolskie;;Samorządowe
32;Muzeum Emigracji w Gdyni                                              ;81-372;Gdynia;ul.;Armii Krajowej;24;;Gmina Miasta Gdyni ;;Samorządowe
33;Muzeum Etnograficzne w Zielonej Górze z siedzibą w Ochli;66-006;Ochla;ul.;Muzealna;5;;Województwo Lubuskie;06.07.1998;Samorządowe
34;Muzeum Etnograficzne im. Marii Znamierowskiej - Prüfferowej w Toruniu;87-100;Toruń;ul.;Wały gen. Sikorskiego;19;;Województwo Kujawsko-Pomorskie;21.09.2005;Samorządowe
35;Muzeum Etnograficzne im. Seweryna Udzieli w Krakowie;31-066;Kraków;ul.;Krakowska;46;;Województwo Małopolskie;07.11.2006;Samorządowe
36;Muzeum Fauny i Flory Morskiej i Śródlądowej w Jaworzu;43-384;Jaworze;ul.;Wapienicka;10;;Gmina Jaworze;;Samorządowe
37;Muzeum Filumenistyczne w Bystrzycy Kłodzkiej;57-500;Bystrzyca Kłodzka;ul.;Mały Rynek;1;;Gmina Bystrzyca Kłodzka;;Samorządowe
38;Muzeum Gminne w Biszczy;23-425;Biszcza;ul.;Biszcza;50;;Gmina Biszcza;;Samorządowe
39;Muzeum Górnictwa Węglowego w Zabrzu;41-800;Zabrze;ul.;3 Maja ;19;;Miasto Zabrze i Województwo Śląskie;;Samorządowe
40;Muzeum Górnośląskie w Bytomiu;40-902;Bytom;Plac;Jana III Sobieskiego;2;;Województwo Śląskie;;Samorządowe
41;Muzeum Gross-Rosen w Rogoźnicy;58-152;Goczałków Rogoźnica ;ul.; Ofiar Gross Rosen ;26;;Województwo Dolnośląskie;06.07.1998 r.;Samorządowe
42;Muzeum Henryka Sienkiewicza w Woli Okrzejskiej;21-480;Okrzeja;;Wola Okrzejska;109;;Powiat Łukowski;;Samorządowe
43;Muzeum Historii Fotografii im. Walerego Rzewuskiego w Krakowie;30-045;Kraków;ul.;Józefitów;16;;Gmina Miejska Kraków ;12.02.2014;Samorządowe
44;Muzeum Historii Katowic w Katowicach;40-025;Katowice;ul.;Ks. J. Szafranka ;9;;Miasto Katowice;;Samorządowe
45;Muzeum Historii Kielc;25-303;Kielce;ul.;Świętego Leonarda;4;;Miasto Kielce;;Samorządowe
46;Muzeum Historii Miasta Zduńska Wola;98-220;Zduńska Wola;ul.;Złotnickiego;7;;Miasto Zduńska Wola;;Samorządowe
47;Muzeum Historii Polskiego Ruchu Ludowego w Warszawie;02-730;Warszawa;Aleja;Wilanowska;204;;Samorząd Województwa Mazowieckiego;18.05.1998;Samorządowe
48;Muzeum Historii Przemysłu w Opatówku;62-860;Opatówek;ul.;Kościelna;1;;Powiat Kaliski;28.12.1998;Samorządowe
49;Muzeum Historii Ziemi Kamieńskiej;72-400;Kamień Pomorski;Plac;Katedralny;7;7;Gmina Kamień Pomorski;;Samorządowe
50;Muzeum Historyczne Miasta Gdańska;80-831;Gdańsk;ul.;Długa;46;47;Gmina Miasta Gdańska  ;30.12.2014;Samorządowe
51;Muzeum Historyczne Miasta Krakowa;31-011;Kraków;ul.;Rynek Główny;35;;Gmina Miejska Kraków ;21.09.2005;Samorządowe
52;Muzeum Historyczne Miasta Tarnobrzega;39-400;Tarnobrzeg;ul.;Sandomierska;27;;Gmina Tarnobrzeg;;Samorządowe
53;Muzeum Historyczne - Pałac w Dukli;38-450;Dukla;ul.;Trakt Węgierski;5;;Powiat Krośnieński;;Samorządowe
54;Muzeum Historyczne w Bielsku-Białej;43-300;Bielsko-Biała;ul.;Wzgórze;16;;Województwo Śląskie;;Samorządowe
55;Muzeum Historyczne w Ełku  (w organizacji);19-300;Ełk;ul.;Małeckich;3;;Miasto Ełk;;Samorządowe
56;Muzeum Historyczne w Legionowie;05-120;Legionowo;ul.;Adama Mickiewicza;23;;Gmina Legionowo;;Samorządowe
57;Muzeum Historyczne w Lubinie (w organizacji);59-300 ;Lubin ;ul. ;Mikołaja Pruzi ;7;i9 ;Gmina Miejska Lubin;;Samorządowe
58;Muzeum Historyczne w Przasnyszu (w organizacji);06-300;Przasnysz;ul.;Jana Kilińskiego;2;;Miasto Przasnysz ;;Samorządowe
59;Muzeum Historyczne w Sanoku;38-500;Sanok;ul.;Zamkowa;2;;Powiat Sanocki;;Samorządowe
60;Muzeum Historyczno-Archeologiczne w Ostrowcu Świętokrzyskim;27-400;Ostrowiec Świętokrzyski;ul.;Sudół;135A;;Powiat Ostrowiecki;14.12.2001;Samorządowe
61;Muzeum Historyczno-Etnograficzne im. Juliana Rydzkowskiego w Chojnicach;89-600;Chojnice;ul.;Podmurna;15;;Powiat Chojnicki;15.07.2011;Samorządowe
62;Muzeum im. Aleksandra Kłosińskiego w Kętach;32-650;Kęty;ul.;Rynek;16;;Gmina Kęty;;Samorządowe
63;Muzeum im. Anny i Jarosława Iwaszkiewiczów w Stawisku;05-807;Podkowa Leśna;ul.;Gołębia;1;;Powiat Grodziski;;Samorządowe
64;Muzeum im. Jacka Malczewskiego w Radomiu;26-600;Radom;ul.;Rynek;11;;Województwo Mazowieckie;;Samorządowe
65;Muzeum im. Jana Dzierżona w Kluczborku;46-200;Kluczbork;ul.;Zamkowa;10;;Gmina Kluczbork;;Samorządowe
66;"Muzeum im. Jana Kasprowicza w Inowrocławiu";88-100;Inowrocław;ul.;Solankowa;33;;Powiat Inowrocławski;;Samorządowe
67;Muzeum im. Jerzego Dunin-Borkowskiego  w Krośniewicach;99-340;Krośniewice;ul. ;Plac Wolności;1;;Powiat Kutnowski;;Samorządowe
68;Muzeum im. Kazimierza Pułaskiego w Warce ;05-660;Warka;ul.;K. Pułaskiego;24;;Powiat Grójecki ;;Samorządowe
69;Muzeum im. ks. dr. Władysława Łęgi w Grudziądzu;86-300;Grudziądz;ul.;Wodna;3;5;Gmina - Miasto Grudziądz;28.12.1999;Samorządowe
70;Muzeum im. ks. Stanisława Staszica w Hrubieszowie;22-500;Hrubieszów;ul.;3 Maja ;11;;Powiat Hrubieszowski;;Samorządowe
71;Muzeum im. ,,Orła Białego” w Skarżysku - Kamiennej;26-110;Skarżysko - Kamienna;ul.;Słoneczna;90;;Gmina Skarżysko - Kamienna;;Samorządowe
72;Muzeum im. prof. Stanisława Fischera w Bochni;32-700;Bochnia;ul.;Rynek;20;;Gmina Miasta Bochnia;;Samorządowe
73;Muzeum im. Przypkowskich w Jędrzejowie;28-300;Jędrzejów;pl. ;Tadeusza Kościuszki;7-;8;Powiat Jędrzejowski;;Samorządowe
74;Muzeum im. Władysława Orkana w Rabce - Zdroju;34-700;Rabka-Zdrój;ul.;Sądecka;6;;Powiat Nowotarski;;Samorządowe
75;Muzeum im. Wojciecha Kętrzyńskiego w Kętrzynie;11-400;Kętrzyn;pl.;Zamkowy;1;;Gmina Miejska Kętrzyn;;Samorządowe
76;Muzeum im. Zofii i Wacława Nałkowskich w Wołominie;05-200;Wołomin;ul.;Wacława Nałkowskiego;17;;Gmina Wołomin;30.08.2004;Samorządowe
77;Muzeum Inżynierii Miejskiej w Krakowie;31-060;Kraków;ul.;Św. Wawrzyńca;13;15;Gmina Miejska Kraków;;Samorządowe
78;Muzeum Józefa Ignacego Kraszewskiego  w Romanowie;21-518;Sosnówka;ul.;Romanów;25;;Powiat Bialski;;Samorządowe
79;Muzeum Karkonoskie w Jeleniej Górze;58-500;Jelenia Góra;ul.;Jana Matejki;28;;Województwo Dolnośląskie;28.12.1998;Samorządowe
80;Muzeum Karykatury im. Eryka Lipińskiego w Warszawie;00-070;Warszawa;ul.;Kozia;11;;Miasto Stołeczne Warszawa;;Samorządowe
81;Muzeum - Kaszubski Park Etnograficzny im. Teodory i Izydora Gulgowskich  we Wdzydzach Kiszewskich;83-406;Wąglikowice;;Wdzydze Kiszewskie;;;Województwo Pomorskie ;28.11.2002;Samorządowe
82;Muzeum Kaszubskie im. Franciszka Tredera w Kartuzach;83-300;Kartuzy;ul.;Kościerska;1;;Gmina Kartuzy;25.01.2001;Samorządowe
83;Muzeum Kinematografii w Łodzi;90-312;Łódź;pl.;Zwycięstwa;1;;Miasto Łódź;;Samorządowe
84;Muzeum Konstantego Ildefonsa Gałczyńskiego w Praniu z Oddziałem Muzeum Michała Kajki w Ogródku ;12-220;Ruciane Nida;;Pranie ;1;;Powiat Piski;;Samorządowe
85;Muzeum Kresów w Lubaczowie;37-600;Lubaczów;ul.;Sobieskiego;4;;Powiat Lubaczowski ;;Samorządowe
86;Muzeum Kultury Kurpiowskiej w Ostrołęce;07-410;Ostrołęka;ul.;gen. Józefa Bema;8;;Województwo Mazowieckie;;Samorządowe
87;Muzeum Kultury Ludowej Pogórza Sudeckiego w Kudowie - Zdroju;57-350;Kudowa-Zdrój;ul.;Pstrążna;14;;Gmina Kudowa-Zdrój;;Samorządowe
88;Muzeum Kultury Ludowej w Kolbuszowej;36-100;Kolbuszowa;ul.;Tadeusza Kościuszki;6;;Województwo Podkarpackie ;31.01.2011;Samorządowe
89;Muzeum Kultury Ludowej w Węgorzewie;11-600;Węgorzewo;ul.;Portowa;1;;Województwo Warmińsko – Mazurskie ;26.06.2012;Samorządowe
90;Muzeum Lniarstwa im. Filipa De Girarda  w Żyrardowie (w organizacji);96-300;Żyrardów;ul.;Karola Ditricha;18;;Miasto Żyrardów;;Samorządowe
91;Muzeum Lotnictwa Polskiego w Krakowie;31-864;Kraków;Al.;Jana Pawła II;39;;Województwo Małopolskie;07.07.2006;Samorządowe
92;Muzeum Lubuskie im. Jana Dekerta w Gorzowie Wielkopolskim;66-400;Gorzów Wielkopolski;ul.;Warszawska;35;;Województwo Lubuskie;28.12.1998;Samorządowe
93;Muzeum Ludowych Instrumentów Muzycznych w Szydłowcu;26-500;Szydłowiec;ul.;gen. J.Sowińskiego;2;; Województwo Mazowieckie;28.12.1999;Samorządowe
94;Muzeum Łużyckie w Zgorzelcu;59-900;Zgorzelec;ul.;Daszyńskiego;15;;Gmina Zgorzelec;;Samorządowe
95;Muzeum Marii Konopnickiej w Żarnowcu;38-460;Jedlicze;;Żarnowiec;133;;Samorząd Województwo Podkarpackie;;Samorządowe
96;Muzeum Martyrologiczne w Żabikowie;62-031;Luboń;ul.;Niezłomnych;2;;Województwo Wielkopolskie;;Samorządowe
97;Muzeum Mazowieckie w Płocku;09-402;Płock;ul.;Tumska;8;;Województwo Mazowieckie;30.08.2004;Samorządowe
98;Muzeum Mazowsza Zachodniego w Żyrardowie  ;96-300;Żyrardów;ul.;Karola Ditricha;1;;Powiat Żyrardowski;25.01.2001;Samorządowe
99;Muzeum Miasta Gdyni;81-374;Gdynia;ul.;Zawiszy Czarnego;1;;Gmina Miasta Gdyni;;Samorządowe
100;Muzeum Miasta Jaworzna;43-600;Jaworzno;ul.;Pocztowa;5;;Gmina Jaworzno - miasto na prawach powiatu;;Samorządowe
101;Muzeum Miasta Łodzi;91-065;Łódź;ul.;Ogrodowa;15;;Miasto Łódź;;Samorządowe
102;Muzeum Miasta Mysłowice;41-400;Mysłowice;ul.;Stadionowa;7a;;Miasto Mysłowice;;Samorządowe
103;Muzeum Miasta Ostrowa Wielkopolskiego;63-400;Ostrów Wielkopolski;ul.;Rynek;1;;Gmina Miasto Ostrów Wielkopolski ;;Samorządowe
104;Muzeum Miasta Pabianic;95-200;Pabianice;ul.;Stary Rynek;1;2;Miasto Pabianice;;Samorządowe
105;Muzeum Miasta Turku im. Józefa Mehoffera;62-700;Turek;Plac;Wojska Polskiego;1;;Gmina Miejska Turek ;;Samorządowe
106;Muzeum Miasta Zgierza;95-100;Zgierz;ul.;gen. Jana Henryka Dąbrowskiego;21;;Gmina Miasto Zgierz;;Samorządowe
107;Muzeum Miedzi w Legnicy;59-220;Legnica;ul.;Partyzantów;3;;Gmina Legnica;;Samorządowe
108;Muzeum Miejskie Dzierżoniowa  ;58- 200;Dzierżoniów;ul.;Świdnicka;30;;Gmina Miejska Dzierżoniów;;Samorządowe
109;Muzeum Miejskie w Nowej Soli;67-100;Nowa Sól;ul.;Muzealna;20;;Gmina miejska Nowa Sól  ;;Samorządowe
110;Muzeum Miejskie w Siemianowicach Śląskich;41-100;Siemianowice Śląskie;ul.;Chopina;6;;Miasto na prawach powiatu Siemianowice Śląskie;;Samorządowe
111;Muzeum Miejskie Suchej Beskidzkiej;34-200;Sucha Beskidzka;ul.;Zamkowa;1;;Gmina Sucha Beskidzka;;Samorządowe
112;Muzeum Miejskie w Tychach;43-100;Tychy;ul.;Katowicka;9;;Miasto Tychy;;Samorządowe
113;Muzeum Miejskie w Zabrzu;41-800;Zabrze;ul.;3 Maja ;91;;Miasto Zabrze;;Samorządowe
114;Muzeum Miejskie w Żorach;44-240;Żory;ul.;Muzealna;1;2;Gmina Miejska Żory;;Samorządowe
115;Muzeum Miejskie w Żywcu;34-300;Żywiec;ul.;Zamkowa;2;;Miasto Żywiec ;;Samorządowe
116;"Muzeum Miejskie ""Dom Gerharta Hauptmanna""  w Jeleniej Górze";58-570;Jelenia Góra;ul.;Michałowicka;32;;Miasto Jelenia Góra;;Samorządowe
117;"Muzeum Miejskie ""Sztygarka"" w Dąbrowie Górniczej";41-300;Dąbrowa Górnicza;ul.;Legionów Polskich;69;;Miasto Dąbrowa Górnicza;;Samorządowe
118;Muzeum Miejskie im. Maksymiliana Chroboka w Rudzie Śląskiej;41-700;Ruda Śląska;ul.;Wolności;26;;Miasto Ruda Śląska;;Samorządowe
119;Muzeum Miejskie Wrocławia;50-107;Wrocław;ul.;Sukiennice;14;15;Gmina Wrocław;;Samorządowe
120;Muzeum Mikołaja Kopernika we Fromborku;14-530;Frombork;ul.;Katedralna;8;;Województwo Warmińsko – Mazurskie ;30.12.2009;Samorządowe
121;Muzeum - Nadwiślański Park Etnograficzny w Wygiełzowie i Zamek Lipowiec;32-551;Babice Wygiełzów;ul.;Podzamcze;1;;Województwo Małopolskie;31.01.2011;Samorządowe
122;Muzeum Nadwiślańskie  w Kazimierzu Dolnym;24-120;Kazimierz Dolny;ul.;Rynek;19;;Województwo Lubelskie;28.12.1998;Samorządowe
123;Muzeum Narodowe Rolnictwa i Przemysłu Rolno-Spożywczego w Szreniawie;62-052;Komorniki;ul.;Dworcowa;5;;Województwo Wielkopolskie;28.12.1998;Samorządowe
124;Muzeum Narodowe Ziemi Przemyskiej w Przemyślu;37- 700;Przemyśl;pl.;Płk. Berka Joselewicza;1;;Województwo Podkarpackie ;22.02.2007;Samorządowe
125;Muzeum Niepodległości w Warszawie;00-240;Warszawa;al.;Solidarności;62;;Województwo Mazowieckie;18.05.1998;Samorządowe
126;Muzeum Niepołomickie w Niepołomicach;32-005;Niepołomice;ul.;Zamkowa;2;;Gmina Niepołomice;;Samorządowe
127;Muzeum Obozów Jenieckich w Żaganiu ;68-100;Żagań;ul.;Lotników Alianckich;6;;Miasto Żagań;;Samorządowe
128;Muzeum Okręgowe im. Leona Wyczółkowskiego w Bydgoszczy;85-006;Bydgoszcz;ul.;Gdańska;4;;Miasto Bydgoszcz;30.12.2009;Samorządowe
129;Muzeum Okręgowe im. Stanisława Staszica w Pile;64-920;Piła;ul.;Browarna;5;;Województwo Wielkopolskie;28.12.1998;Samorządowe
130;Muzeum Okręgowe w Koninie;62-505;Konin;ul.;Muzealna;5;;Województwo Wielkopolskie;;Samorządowe
131;Muzeum Okręgowe w Lesznie;64-100;Leszno;pl.;Jana Metziga;17;;Województwo Wielkopolskie;30.12.2008;Samorządowe
132;Muzeum Okręgowe w Nowym Sączu;33-300;Nowy Sącz;ul.;Lwowska;3;;Województwo Małopolskie;07.07.2006;Samorządowe
133;Muzeum Okręgowe w Rzeszowie;35-030;Rzeszów;ul.;3 Maja ;19;;Województwo Podkarpackie ;18.05.1998;Samorządowe
134;Muzeum Okręgowe w Sandomierzu;27-600;Sandomierz;ul.;Zamkowa;12;;Miasto Sandomierz;28.12.1999;Samorządowe
135;Muzeum Okręgowe w Sieradzu;98-200;Sieradz;ul.;Dominikańska;2;;Powiat Sieradzki ;;Samorządowe
136;Muzeum Okręgowe w Suwałkach;16-400;Suwałki;ul.;T. Kościuszki;81;;Miasto Suwałki;"12.02.2014 r.";Samorządowe
137;Muzeum Okręgowe w Tarnowie;33-100;Tarnów;ul.;Rynek;3;;Województwo Małopolskie;28.11.2002;Samorządowe
138;Muzeum Okręgowe w Toruniu;87-100;Toruń;ul.;Rynek Staromiejski;1;;Gmina Miasta Toruń;28.12.1998;Samorządowe
139;Muzeum Okręgowe Ziemi Kaliskiej w Kaliszu;62-800;Kalisz;ul.;T. Kościuszki;12;;Województwo Wielkopolskie;28.12.1998;Samorządowe
140;Muzeum - Orawski Park Etnograficzny  w Zubrzycy Górnej;34-484;Zubrzyca Górna;;Zubrzyca Górna;388;;Województwo Małopolskie;31.01.2011;Samorządowe
141;Muzeum Oręża Polskiego w Kołobrzegu;78-100;Kołobrzeg;ul.;Armii Krajowej;13;;Powiat Kołobrzeski;18.05.1998;Samorządowe
142;Muzeum Pamięci Narodowej i Sztuki Ludowej w Ochotnicy Górnej  (w organizacji);34-453;Ochotnica Dolna;oś. ;Zawady;205 B;;Gmina Ochotnica Dolna ;;Samorządowe
143;Muzeum Pamiątek 1. Armii Wojska Polskiego oraz Dziejów Ziemi Mieszkowickiej w Mieszkowicach;74-505;Mieszkowice;ul.;Chopina;1;;Gmina Mieszkowice;;Samorządowe
144;Muzeum Pamięci Sybiru - Muzeum w organizacji;15-092;Białystok;ul. ;H. Sienkiewicza;26;;Miasto Białystok ;;Samorządowe
145;Muzeum Papiernictwa w Dusznikach Zdroju;57-340;Duszniki Zdrój;ul.;Kłodzka;42;;Województwo Dolnośląskie;28.06.2013 ;Samorządowe
146;Muzeum Pierwszych Piastów na Lednicy;62-261;Lednogóra;ul.;Dziekanowice;32;; Województwo Wielkopolskie;28.12.1999;Samorządowe
147;Muzeum Piśmiennictwa i Muzyki Kaszubsko-Pomorskiej w Wejherowie;84-200;Wejherowo;ul.;Zamkowa;2a;;Powiat Wejherowski;07.07.2006;Samorządowe
148;Muzeum Początków Państwa Polskiego  w Gnieźnie;62-200;Gniezno;ul.;Kostrzewskiego;1;;Województwo Wielkopolskie;06.07.1998;Samorządowe
149;Muzeum Poczty i Telekomunikacji we Wrocławiu;50-954;Wrocław;ul.;Z. Krasińskiego;1;;Województwo Dolnośląskie;;Samorządowe
150;Muzeum Podkarpackie w Krośnie;38-400;Krosno;ul.;Piłsudskiego;16;;Województwo Podkarpackie ;18.12.2003;Samorządowe
151;Muzeum Podlaskie w Białymstoku;15-426;Białystok;ul.;Rynek Kościuszki;10;;Województwo Podlaskie;18.12.2003;Samorządowe
152;Muzeum Pogranicza Śląsko – Łużyckiego w Żarach ;68-200;Żary;ul.;Ogrodowa;2;;Gmina Żary ;;Samorządowe
153;Muzeum Pojezierza Łęczyńsko-Włodawskiego we Włodawie;22-200;Włodawa;ul.;Czerwonego Krzyża;7;;Powiat Włodawski;;Samorządowe
154;Muzeum Pojezierza Myśliborskiego w Myśliborzu;74-300;Myślibórz;ul.;Bohaterów Warszawy;74;;Gmina Myślibórz ;;Samorządowe
155;Muzeum Polskiej Piosenki w Opolu  (w organizacji);45–040;Opole;pl.;Mikołaja Kopernika;1;;Miasto Opole;;Samorządowe
156;Muzeum Południowego Podlasia w Białej Podlaskiej;21-500;Biała Podlaska;ul.;Warszawska;12;;Gmina Miejska Biała Podlaska ;28.12.1998;Samorządowe
157;Muzeum Pomorza Środkowego w Słupsku;76-200;Słupsk;ul.;Dominikańska;5;-9;Województwo Pomorskie ;06.07.1998;Samorządowe
158;Muzeum Powstania Warszawskiego;00-844;Warszawa;ul.;Grzybowska;79;;Miasto Stołeczne Warszawa;21.09.2005;Samorządowe
159;Muzeum Powstań Śląskich w Świętochłowicach ;41-600;Świętochłowice;ul.;Szpitalna;2;;Gmina Świętochłowice ;;Samorządowe
160;Muzeum Pożarnictwa w Oseredku ;22-672 ;Susiec;;Oseredek;123;;Gmina Susiec;;Samorządowe
161;Muzeum Północno – Mazowieckie w Łomży;18-400;Łomża;ul.;Dworna;22C;;Miasto Łomża ;15.07.2011;Samorządowe
162;Muzeum Przyrodnicze w Jeleniej Górze;58-560;Jelenia Góra;ul.;Cieplicka;11A;;Miasto Jelenia Góra ;;Samorządowe
163;Muzeum Przyrody w Drozdowie;18-421;Piątnica;ul.;Główna;38;;Powiat Łomżyński ;;Samorządowe
164;Muzeum Przyrody i Techniki Ekomuzeum im. Jana Pazdura w Starachowicach;27-200;Starachowice;ul.;Wielkopiecowa;1;;Powiat Starachowicki ;;Samorządowe
165;Muzeum Puszczy Drawskiej i Noteckiej im. Franciszka Grasia w Drezdenku;66-530;Drezdenko;pl.;Wolności;11;;Gmina Drezdenko ;;Samorządowe
166;Muzeum Regionalne im. Adama Fastnachta w Brzozowie;36-200;Brzozów;ul.;Rynek;10;;Gmina Brzozów;;Samorządowe
167;Muzeum Regionalne im. dr. Henryka Florkowskiego w Kościanie;64-000;Kościan;ul.;Rynek;1;;Gmina Miejska Kościan;;Samorządowe
168;Muzeum Regionalne im. dr. Janusza Petera w Tomaszowie Lubelskim;22-600;Tomaszów Lubelski;ul.;Zamojska;2;;Powiat Tomaszowski (Tomaszów Lubelski);;Samorządowe
169;Muzeum Regionalne im. Dzieci Wrzesińskich we Wrześni ;62-300;Września;ul.;Dzieci Wrzesińskich;13;;Miasto i Gmina Września;;Samorządowe
170;Muzeum Regionalne im. Hieronima Ławniczaka w Krotoszynie;63-700;Krotoszyn;ul.;Mały Rynek;1;;Miasto i Gmina Krotoszyn;;Samorządowe
171;Muzeum Regionalne im. prof. Tomasza Mikockiego w Kozienicach;26-900;Kozienice;ul.;Parkowa;5B;;Gmina Kozienice;;Samorządowe
172;Muzeum Regionalne im. Stanisława Sankowskiego w Radomsku ;97-500;Radomsko;ul.;Narutowicza;1;;Miasto Radomsko ;;Samorządowe
173;Muzeum Regionalne im. Walentyny Dermackiej z Sapiehów w Pieckach (w organizacji);11-710;Piecki;ul.;Zwycięstwa;48;;Gmina Piecki;;Samorządowe
174;Muzeum Regionalne im. Wł. St. Reymonta w Lipcach Reymontowskich;96-127;Lipce Reymontowskie;ul.;Wiatraczna;10;;Powiat Skierniewicki;;Samorządowe
175;Muzeum Regionalne im. Zygmunta Krasińskiego w Złotym Potoku;42-253;Złoty Potok (poczta Janów);ul.;Tadeusza Kościuszki;11;;Gmina Janów;;Samorządowe
176;Muzeum Regionalne w Bełchatowie;97-400;Bełchatów;ul.;Rodziny Hellwigów;11;;Miasto Bełchatów;;Samorządowe
177;Muzeum Regionalne w Brzezinach;95-060;Brzeziny;ul.;Piłsudskiego;49;;Gmina Miasto Brzeziny;;Samorządowe
178;Muzeum Regionalne w Chojnowie;59-225;Chojnów;pl.;Zamkowy;3;;Miasto Chojnów;;Samorządowe
179;Muzeum Regionalne w Człuchowie;77-300;Człuchów;al.;Wojska Polskiego;3;;Gmina Miejska Człuchów;;Samorządowe
180;Muzeum Regionalne w Dębicy;39-200;Dębica;ul.;Ratuszowa;4;;Gmina Miasta Dębica;;Samorządowe
181;Muzeum Regionalne w Gniewkowie;88-140;Gniewkowo;ul.;Podgórna;2;;Gmina Gniewkowo;;Samorządowe
182;Muzeum Regionalne w Janowie Lubelskim;23-300;Janów Lubelski;ul.;Ogrodowa;3a;;Gmina Janów Lubelski;;Samorządowe
183;Muzeum Regionalne w Jaśle;38-200;Jasło;ul.;Stefana Kadyiego;11;;Miasto Jasło;;Samorządowe
184;Muzeum Regionalne w Jaworze ;59-400;Jawor;ul.;Klasztorna;6;;Gmina Jawor;;Samorządowe
185;Muzeum Regionalne w Kluczkowicach;24-300;Kluczkowice;ul.;Kluczkowice;7;;Powiat Opolski;;Samorządowe
186;Muzeum Regionalne w Krasnymstawie;22-300;Krasnystaw;ul.;Marszałka Józefa Piłsudskiego;5A;;Powiat Krasnostawski;;Samorządowe
187;Muzeum Regionalne w Kutnie;99-300;Kutno;pl.;Józefa Piłsudskiego;20;;Miasto Kutno;;Samorządowe
188;Muzeum Regionalne w Lubaniu;59-800;Lubań;;Rynek - Ratusz ;;;Gmina Miejska Lubań;;Samorządowe
189;Muzeum Regionalne w Łukowie;21-400;Łuków;ul.;Piłsudskiego;19;;Powiat Łukowski;;Samorządowe
190;Muzeum Regionalne w Opocznie;26-300;Opoczno;pl.;Zamkowy;1;;Gmina Opoczno;;Samorządowe
191;Muzeum Regionalne w Pińczowie;28-400;Pińczów;ul.;Piłsudskiego;2a;;Gmina Pińczów;;Samorządowe
192;Muzeum Regionalne w Pleszewie;63-300;Pleszew;ul.;Poznańska;34;;Miasto i Gmina Pleszew;;Samorządowe
193;Muzeum Regionalne w Pułtusku;06-100;Pułtusk;ul.;Rynek;1;;Gmina Pułtusk;;Samorządowe
194;Muzeum Regionalne w Siedlcach;08-110;Siedlce;ul.;Piłsudskiego;1;;Województwo Mazowieckie;;Samorządowe
195;Muzeum Regionalne w Skawinie;32-050;Skawina;ul.;Adama Mickiewicza;26;;Miasto i Gmina Skawina;;Samorządowe
196;Muzeum Regionalne w Słupcy;62-400;Słupca;ul.;Warszawska;53;;Gmina Miejska Słupca;;Samorządowe
197;Muzeum Regionalne w Stalowej Woli;37-464;Stalowa Wola;ul.;Sandomierska;1;;Gmina Stalowa Wola;21.09.2005;Samorządowe
198;Muzeum Regionalne w Stęszewie;62-060;Stęszew;ul.;Rynek;8;;Gmina Stęszew;;Samorządowe
199;Muzeum Regionalne w Szczecinku;78-400;Szczecinek;ul.;Szkolna;1;;Miasto Szczecinek ;;Samorządowe
200;Muzeum Regionalne w Środzie Śląskiej;55-300;Środa Śląska;pl.;Wolności;3;;Powiat Średzki;;Samorządowe
201;Muzeum Regionalne w Świebodzinie;66-200;Świebodzin;Plac;Jana Pawła II;1;;Gmina Świebodzin;;Samorządowe
202;Muzeum Regionalne w Trzebnicy;55-100;Trzebnica;ul.;Rynek;8;;Gmina Trzebnica;;Samorządowe
203;Muzeum Regionalne w Zwoleniu;26-700;Zwoleń;Aleja;Jana Pawła II;2;;Gmina Zwoleń;;Samorządowe
204;Muzeum Regionalne Ziemi Limanowskiej ;34-600;Limanowa;ul.;Józefa Marka;13;;Gmina Miasto Limanowa;;Samorządowe
205;Muzeum Regionalne Ziemi Sulmierzyckiej im. Sebastiana Fabiana Klonowicza;63-750;Sulmierzyce;ul.;Rynek;1;;Miasto Sulmierzyce;;Samorządowe
206;Muzeum Rolnictwa im. ks. Krzysztofa Klukaw Ciechanowcu;18-230;Ciechanowiec;ul.;Pałacowa;5;;Województwo Podlaskie;28.12.1998;Samorządowe
207;Muzeum Romantyzmu w Opinogórze;06-406;Opinogóra;ul.;Zygmunta Krasińskiego;9;;Samorząd Województwa Mazowieckiego;1.04.2015;Samorządowe
208;Muzeum Rzemiosła w Krośnie;38-400;Krosno;ul.;Piłsudskiego;19;;Gmina Krosno;;Samorządowe
209;Muzeum Saturn w Czeladzi;41-250;Czeladź;ul.;Dehnelów;10;;Gmina Miejska Czeladź;;Samorządowe
210;Muzeum Solca im. Księcia Przemysła w Solcu Kujawskim;86-050;Solec Kujawski;ul.;Toruńska;8;;Miasto i Gmina Solec Kujawski;;Samorządowe
211;Muzeum Sopotu;81-724;Sopot;ul.;Poniatowskiego;8;;Gmina Miasta Sopotu;;Samorządowe
212;Muzeum Sportu i Turystyki w Karpaczu;58-540;Karpacz;ul.;Mikołaja Kopernika;2;;Województwo Dolnośląskie;;Samorządowe
213;Muzeum Sportu i Turystyki w Warszawie;01-531;Warszawa;ul.;Wybrzeże Gdyńskie;4;;Województwo Mazowieckie;28.12.1998;Samorządowe
214;Muzeum Sprzętu Gospodarstwa Domowego w Ziębicach;57-220;Ziębice;ul.;Rynek;44;;Gmina Ziębice;;Samorządowe
215;Muzeum Starożytnego Hutnictwa Mazowieckiego im. Stefana Woydy w Pruszkowie;05-800;Pruszków;pl.;Jana Pawła II;2;;Miasto Pruszków;;Samorządowe
216;Muzeum Szlachty Mazowieckiej w Ciechanowie;06-400;Ciechanów;ul.;Warszawska;61;;Województwo Mazowieckie;28.12.1998;Samorządowe
217;Muzeum Sztuki Współczesnej w Krakowie (w organizacji);30-702;Kraków;ul.;Lipowa;4;;Gmina Miejska Kraków;;Samorządowe
218;Muzeum Śląska Cieszyńskiego w Cieszynie;43-400;Cieszyn;ul.;Tadeusza Regera;6;;Powiat Cieszyński;;Samorządowe
219;Muzeum Śląska Opolskiego w Opolu;45-023;Opole;ul.;św. Wojciecha;13;;Województwo Opolskie;28.12.1998;Samorządowe
220;Muzeum Ślężańskie im. Stanisława Dunajewskiego w Sobótce;55-050;Sobótka;ul.;św. Jakuba;18;;Gmina Sobótka;;Samorządowe
221;Muzeum Ślusarstwa im. Marcina Mikuły w Świątnikach Górnych;32-040;Świątniki Górne;ul.;Kazimierza Bruchnalskiego;35;;Miasto i Gmina Świątniki Górne;;Samorządowe
222;Muzeum Śremskie w Śremie;63-100;Śrem;ul.;Adama Mickiewicza;89;;Miasto i Gmina  Śrem;;Samorządowe
223;Muzeum Tatrzańskie im. dra Tytusa Chałubińskiego w Zakopanem;34-500;Zakopane;ul.;Krupówki;10;;Województwo Małopolskie;07.07.2006;Samorządowe
224;Muzeum Technik Ceramicznych w Kole;62-600;Koło;ul.;M. Kajki;44;;Gmina Miejska Koło;;Samorządowe
225;Muzeum Techniki i Komunikacji - Zajezdnia Sztuki w Szczecinie;71-441;Szczecin;ul.;Niemierzyńska;18A;;Gmina Miasto Szczecin;;Samorządowe
226;Muzeum Tkactwa w Kamiennej Górze;58-400;Kamienna Góra;Plac;Wolności;11;;Gmina Miejska Kamienna Góra;;Samorządowe
227;Muzeum Tradycji Niepodległościowych w Łodzi;90-706;Łódź;ul.;Gdańska;13;;Miasto Łódź;;Samorządowe
228;Muzeum Twierdzy Kostrzyn nad Odrą;66-470;Kostrzyn nad Odrą;ul.;Chyżańska;48;;Miasto Kostrzyn nad Odrą;;Samorządowe
229;Muzeum Ustrońskie im. Jana Jarockiego w Ustroniu;43-450;Ustroń;ul.;Hutnicza;3;;Miasto Ustroń;;Samorządowe
230;Muzeum w Brodnicy;87-300;Brodnica;ul.;św. Jakuba;1;;Miasto Brodnica;;Samorządowe
231;Muzeum w Chorzowie;41-500;Chorzów;ul.;Powstańców;25;;Miasto Chorzów ;;Samorządowe
232;Muzeum w Chrzanowie im. Ireny i Mieczysława Mazarakich;32-500;Chrzanów;ul.;Mickiewicza;13;;Gmina Chrzanów;;Samorządowe
233;Muzeum w Gliwicach;44-100;Gliwice;ul.;Dolnych Walów;8a;;Miasto Gliwice;;Samorządowe
234;Muzeum w Jarosławiu Kamienica Orsettich;37-500;Jarosław;ul.;Rynek;4;;Powiat Jarosławski;;Samorządowe
235;Muzeum w Koszalinie;75-420;Koszalin;ul.;Młyńska;37-;39;Miasto Koszalin;30.12.2009;Samorządowe
236;Muzeum w Lęborku;84-300;Lębork;ul.;Młynarska;14-;15;Gmina Miasto Lębork;;Samorządowe
237;Muzeum w Łęczycy;99-100;Łęczyca;ul.;Zamkowa;1;;Gmina Miasto Łęczyca;;Samorządowe
238;Muzeum w Łowiczu;99-400;Łowicz;ul.;Stary Rynek;5;7;Powiat Łowicki;28.12.1999;Samorządowe
239;Muzeum Powiatowe w Nysie;48-300;Nysa;ul.; Biskupa Jarosława;11;;Powiat Nyski;;Samorządowe
240; Muzeum Regionalne w Ostródzie;14-100;Ostróda;ul.;Adama Mickiewicza;22;;Gmina Miejska Ostróda ;;Samorządowe
241;Muzeum w Piotrkowie Trybunalskim;97-300;Piotrków Trybunalski;Plac;Zamkowy;4;;Miasto Piotrków Trybunalski;;Samorządowe
242;Muzeum w Praszce;46-320;Praszka;pl.;Grunwaldzki;15;;Gmina Praszka;;Samorządowe
243;Muzeum w Przeworsku - Zespół Pałacowo-Parkowy;37-200;Przeworsk;ul.;Park;2;;Powiat Przeworski;;Samorządowe
244;Muzeum w Raciborzu;47-400;Racibórz;ul.;Rzeźnicza;15;;Gmina Racibórz;;Samorządowe
245;Muzeum w Rybniku;44-200;Rybnik;ul.;Rynek;18;;Miasto Rybnik;;Samorządowe
246;Muzeum w Tarnowskich Górach;42-600;Tarnowskie Góry;ul.;Rynek;1;;Gmina Tarnowskie Góry;;Samorządowe
247;Muzeum w Tomaszowie Mazowieckim imienia Antoniego Hrabiego Ostrowskiego;97-200;Tomaszów Mazowiecki;ul.;Polskiej Organizacji Wojskowej ;11;15;Gmina - Miasto Tomaszów Mazowiecki;;Samorządowe
248;Muzeum Porcelany w Wałbrzychu;58-300;Wałbrzych;ul.;1 Maja;9;;Gmina Wałbrzych;28.11.2002;Samorządowe
249;Muzeum w Wodzisławiu Śląskim;44-300;Wodzisław Śląski;ul.;Ks. płk. Wilhelma Kubsza;2;;Miasto Wodzisław Śląski;;Samorządowe
250;Muzeum Warmii i Mazur w Olsztynie;10-074;Olsztyn;ul.;Zamkowa;2;;Województwo Warmińsko – Mazurskie ;07.07.2006;Samorządowe
251;Muzeum Warszawy;00-272;Warszawa;ul.;Rynek Starego Miasta;28-;42;Miasto Stołeczne Warszawa;14.12.2001;Samorządowe
252;Muzeum Wojska w Białymstoku ;15-089;Białystok;ul.;Jana Kilińskiego;7;;Miasto Białystok ;;Samorządowe
253;Muzeum Wojska, Wojskowowści i Ziemi Orzyskiej w Orzyszu w organizacji;12-250;Orzysz;ul.;Giżycka;9;;Gmina Orzysz;;Samorządowe
254;Muzeum Wsi Kieleckiej w Kielcach ;25-025;Kielce;ul.;Jana Pawła II;6;;Województwo Świętokrzyskie;28.12.1999;Samorządowe
255;Muzeum Wsi Lubelskiej w Lublinie;20-824;Lublin;al.;Warszawska;96;;Województwo Lubelskie;14.12.2001;Samorządowe
256;Muzeum Wsi Mazowieckiej w Sierpcu;09-200;Sierpc;ul.;Gabriela Narutowicza;64;;Samorząd Województwa Mazowieckiego;12.02.2014;Samorządowe
257;Muzeum Wsi Opolskiej w Opolu;45-835;Opole;ul.;Wrocławska;174;;Województwo Opolskie;28.12.1998;Samorządowe
258;Muzeum Wsi Radomskiej w Radomiu;26-600;Radom;ul.;Szydłowiecka;30;;Samorząd Województwa Mazowieckiego;;Samorządowe
259;Muzeum Współczesne Wrocław  (w organizacji);53-681;Wrocław;Plac;Strzegomski;2a;;Gmina Wrocław;;Samorządowe
260;Muzeum Zabawek i Zabawy w Kielcach;25-367;Kielce;Plac;Wolności;2;;Miasto Kielce;;Samorządowe
261;Muzeum Zachodniokaszubskie w Bytowie;77-100;Bytów;ul.;Zamkowa;2;;Województwo Pomorskie ;26.06.2012 ;Samorządowe
262;Muzeum Zagłębia w Będzinie;42-500;Będzin;ul.;Świerczewskiego;15;;Gmina Będzin;;Samorządowe
263;Muzeum - Zamek Górków w Szamotułach;64-500;Szamotuły;ul.;Wroniecka;30;;Powiat Szamotulski;06.07.1998;Samorządowe
264;Zamek Książąt Pomorskich - Muzeum w Darłowie;76-150;Darłowo;Plac;Zamkowy;4;;Powiat Sławieński;;Samorządowe
265;Muzeum Zamek Opalińskich w Sierakowie;64-410;Sieraków;ul.;Stadnina;3a;;Powiat Międzychodzki;;Samorządowe
266;Muzeum - Zamek w Oporowie;99-322;Oporów;;Oporów;34;;Powiat Kutnowski;22.02.2007;Samorządowe
267;Muzeum Zamek w Oświęcimiu ;32-600;Oświęcim;ul.;Zamkowa;1;;Gmina Miasto Oświęcim;;Samorządowe
268;Muzeum Zamkowe w Pszczynie;43-200;Pszczyna;ul.;Brama Wybrańców;1;;Województwo Śląskie;06.07.1998;Samorządowe
269;Muzeum Zamojskie w Zamościu;22-400;Zamość;ul.;Ormiańska;30;;Miasto Zamość;26.06.2012;Samorządowe
270;Muzeum Zamoyskich w Kozłówce;21-132;Kamionka;ul.;Kozłówka;3;;Województwo Lubelskie;18.05.1998;Samorządowe
271;Muzeum Zbrojownia na Zamku w Liwie;07-100;Liw (poczta Węgrów);ul.;Stefana Batorego;2;;Województwo Mazowieckie;;Samorządowe
272;Muzeum Ziemi Bieckiej;38-340;Biecz;ul.;Węgierska;1;;Gmina Biecz;;Samorządowe
273;Muzeum Ziemi Biłgorajskiej w Biłgoraju;23-400;Biłgoraj;ul.;Kościuszki;87;;Powiat Biłgorajski;;Samorządowe
274;Muzeum Ziemi Chełmskiej im. Wiktora Ambroziewicza w Chełmie;22-100;Chełm;ul.;Lubelska;55;;Miasto Chełm;28.12.1998;Samorządowe
275;Muzeum Ziemi Dobrzyńskiej w Rypinie ;87-500;Rypin;ul.;Wrocławska;20;;Miasto Rypin ;;Samorządowe
276;Muzeum Ziemi Kępińskiej  im. Tadeusza Piotra Potworowskiego w Kępnie ;63-600;Kępno;ul.;Kwiatowa;13;;Gmina Kępno;;Samorządowe
277;Muzeum Ziemi Kłodzkiej w Kłodzku;57-300;Kłodzko;ul.;Łukasiewicza;4;;Gmina Miasto Kłodzko;14.12.2001;Samorządowe
278;Muzeum Ziemi Koszyckiej im. Stanisława Boducha w Koszycach;32 -130; Koszyce;ul.;Wspólna;11;;Gmina Koszyce;;Samorządowe
279;Muzeum Ziemi Kościerskiej im. dra Jerzego Knyby w Kościerzynie;83-400;Kościerzyna;ul.;Rynek;9;;Gmina Miejska Kościerzyna;;Samorządowe
280;Muzeum Ziemi Kozielskiej w Kędzierzynie Koźlu  (w organizacji);47-200;Kędzierzyn-Koźle;ul.;Józefa Ignacego Kraszewskiego;5b;;Gmina Kędzierzyn-Koźle;;Samorządowe
281;Muzeum Ziemi Krajeńskiej w Nakle nad Notecią;89-100;Nakło nad Notecią;ul.;Pocztowa;14;;Gmina Nakło nad Notecią;;Samorządowe
282;Muzeum Ziemi Kujawskiej i Dobrzyńskiej we Włocławku;87-800;Włocławek;ul.;Słowackiego;1a;;Województwo Kujawsko-Pomorskie;06.07.1998;Samorządowe
283;Muzeum Ziemi Leżajskiej;37-300;Leżajsk;ul.;Mickiewicza;20A;;Powiat Leżajski;;Samorządowe
284;Muzeum Ziemi Lubartowskiej w Lubartowie (w organizacji);21-100;Lubartów;ul.;Kościuszki;28;;Miasto Lubartów ;;Samorządowe
285;Muzeum Ziemi Lubuskiej w Zielonej Górze;65-048;Zielona Góra;al.;Niepodległości;15;;Województwo Lubuskie;18.05.1998;Samorządowe
286;Muzeum Ziemi Miechowskiej w Miechowie (w organizacji) ;32-200;Miechów;ul.;Warszawska;1;;Gmina Miechów;;Samorządowe
287;Muzeum Ziemi Międzyrzeckiej  im. Alfa Kowalskiego ;66-300;Międzyrzec;ul.;Podzamcze;2;;Powiat Międzyrzecki ;28.12.1998 ;Samorządowe
288;Muzeum Ziemi Mińskiej w Mińsku Mazowieckim ;05-300;Mińsk Mazowiecki;ul.;S. Okrzei;16;;Miasto Mińsk Mazowiecki;;Samorządowe
289;Muzeum Ziemi Mogileńskiej w Mogilnie z siedzibą w Chabsku;88-342;Chabsko (poczta Wylatowo);ul.;Chabsko;20;;Gmina Mogilno;;Samorządowe
290;Muzeum Ziemi Nadnoteckiej im. Wiktora Stachowiaka w Trzciance;64-980;Trzcianka;ul.;Żeromskiego;36a;;Gmina Trzcianka;;Samorządowe
291;Muzeum Ziemi Pałuckiej w Żninie;88-400;Żnin;Plac;Wolności;1;;Gmina Żnin;;Samorządowe
292;Muzeum Ziemi Piskiej w Piszu;12-200;Pisz;Plac;Ignacego Daszyńskiego;7;;Gmina Pisz;;Samorządowe
293;Muzeum Ziemi Prudnickiej w Prudniku;48-200;Prudnik;ul.;Chrobrego;5 ;;Gmina Prudnik;;Samorządowe
294;Muzeum Ziemi Puckiej im. Floriana Ceynowy w Pucku;84-100;Puck;ul.;Wolności;28;;Powiat Pucki;07.07.2006;Samorządowe
295;Muzeum Ziemi Rawickiej w Rawiczu;63 -900;Rawicz;ul.;Rynek;1;;Gmina Rawicz;;Samorządowe
296;Muzeum Ziemi Rawskiej w Rawie Mazowieckiej;96-200;Rawa Mazowiecka;ul.;Łowicka;26;;Miasto Rawa Mazowiecka;;Samorządowe
297;Muzeum Ziemi Sadowieńskiej w Sadownem;07-140;Sadowne;ul.;Kościuszki;74;;Gmina Sadowne ;;Samorządowe
298;Muzeum Ziemi Szubińskiej im. Zenona Erdmanna w Szubinie;89-200;Szubin;ul.;Szkolna;2;;Gmina Szubin;;Samorządowe
299;Muzeum Ziemi Średzkiej - „Dwór w Koszutach”;63-000;Środa Wielkopolska;ul.;Koszuty;27;;Gmina Środa Wielkopolska;;Samorządowe
300;Muzeum Ziemi Wałeckiej w Wałczu;78-600;Wałcz;ul.;Pocztowa;14;;Gmina Miejska Wałcz;;Samorządowe
301;Muzeum Ziemi Wieluńskiej w Wieluniu;98-300;Wieluń;ul.;Narutowicza;13;;Gmina Wieluń;18.12.2003;Samorządowe
302;Muzeum Ziemi Wiśnickiej w Nowym Wiśniczu;32-720;Nowy Wiśnicz;ul.;Zamkowa;13;;Gmina Nowy Wiśnicz;;Samorządowe
303;Muzeum Ziemi Wschowskiej ;67-400;Wschowa;pl.;Zamkowy;2;;Gmina Wschowa;;Samorządowe
304;Muzeum Ziemi Zawkrzeńskiej w Mławie;06-500;Mława;ul.;3 Maja ;5;;Miasto Mława;;Samorządowe
305;Muzeum Ziemi Złotowskiej w Złotowie;77-400;Złotów;ul.;Wojska Polskiego;2a;;Gmina Miasto Złotów ;;Samorządowe
306;Muzeum Ziemiaństwa w Dobrzycy - Zespół Pałacowo-Parkowy;63-330;Dobrzyca;ul.;Pleszewska;5a;;Województwo Wielkopolskie;;Samorządowe
307;Oleskie Muzeum Regionalne w Oleśnie;46-300;Olesno;ul.;Jaronia;7;;Gmina Olesno;;Samorządowe
308;Pałac Schoena Muzeum w Sosnowcu ;41-205;Sosnowiec;ul.;Chemiczna;12;;Gmina Sosnowiec;;Samorządowe
309;Państwowe Muzeum Archeologiczne w Warszawie;00-241;Warszawa;ul.;Długa;52;;Województwo Mazowieckie;18.05.1998;Samorządowe
310;Państwowe Muzeum Etnograficzne  w Warszawie;00-056;Warszawa;ul.;Kredytowa;1;;Województwo Mazowieckie;06.07.1998;Samorządowe
311;Podlaskie Muzeum Kultury Ludowej (w organizacji);16-010;Wasilków ;ul. ;Leśna ;7;;Województwo Podlaskie;;Samorządowe
312;Powiatowe Muzeum Ziemi Głubczyckiej w Głubczycach;48-100;Głubczyce;ul.;Rynek;1;;Powiat Głubczycki;;Samorządowe
313;Skansen w Sidzinie-Muzeum Kultury Ludowej;34-236;Sidzina;ul.;Binkówka;;;Gmina Bystra – Sidzina;;Samorządowe
314;Wielkopolskie Muzeum Niepodległości;61-772;Poznań;ul.;Stary Rynek;3;;Miasto Poznań ;;Samorządowe
315;Żywiecki Park Etnograficzny Muzeum (w organizacji);34-323;Ślemień;ul.;Łączna;2A;;Gmina Ślemień ;;Samorządowe
316;Muzeum Dom Rodzinny Ojca Świętego Jana Pawła II w Wadowicach;34-100;Wadowice;ul.;Kościelna;7;;Minister Kultury i Dziedzictwa Narodowego;;Współprowadzone wpisane do rejestru prowadzonego przez jednostkę samorządu terytorialnego
317;Muzeum - Dom Rodziny Pileckich w Ostrowi Mazowieckiej (w organizacji) ;07-300;Ostrów Mazowiecka;ul.;Warszawska;4;;Minister Kultury i Dziedzictwa Narodowego;;Współprowadzone wpisane do rejestru prowadzonego przez jednostkę samorządu terytorialnego
318;Muzeum Historii Żydów Polskich;00-157;Warszawa;ul.;Anielewicza;6;;Minister Kultury i Dziedzictwa Narodowego;;Współprowadzone wpisane do rejestru prowadzonego przez Ministra Kultury i Dziedzictwa Narodowego
319;Muzeum Jana Pawła II i Prymasa Wyszyńskiego;02-972;Warszawa;ul.;Księdza Prymasa Augusta Hlonda;1;;Archidiecezja Warszawska;;Współprowadzone wpisane do rejestru prowadzonego przez Ministra Kultury i Dziedzictwa Narodowego
320;Muzeum Józefa Piłsudskiego w Sulejówku;05-070;Sulejówek;ul.;Oleandrów;5;;Minister Kultury i Dziedzictwa Narodowego;;Współprowadzone wpisane do rejestru prowadzonego przez Ministra Kultury i Dziedzictwa Narodowego
321;Muzeum Literatury im. Adama Mickiewicza  w Warszawie;00-272;Warszawa;ul.;Rynek Starego Miasta ;20;;Minister Kultury i Dziedzictwa Narodowego;25.01.2001;Współprowadzone wpisane do rejestru prowadzonego przez jednostkę samorządu terytorialnego
322;Muzeum Lubelskie w Lublinie;20-117;Lublin;ul.;Zamkowa ;9;;Minister Kultury i Dziedzictwa Narodowego;28.12.1998;Współprowadzone wpisane do rejestru prowadzonego przez jednostkę samorządu terytorialnego
323;Muzeum Narodowe w Gdańsku;80-822;Gdańsk;ul.;Toruńska;1;;Minister Kultury i Dziedzictwa Narodowego;18.12.2003;Współprowadzone wpisane do rejestru prowadzonego przez jednostkę samorządu terytorialnego
324;Muzeum Narodowe w Kielcach;25-010;Kielce;Plac ;Zamkowy ;1;;Minister Kultury i Dziedzictwa Narodowego;22.05.2000;Współprowadzone wpisane do rejestru prowadzonego przez Ministra Kultury i Dziedzictwa Narodowego
325;Muzeum Narodowe w Szczecinie;70-561;Szczecin;ul.;Staromłyńska;27;;Minister Kultury i Dziedzictwa Narodowego;31.01.2011;Współprowadzone wpisane do rejestru prowadzonego przez jednostkę samorządu terytorialnego
326;Muzeum Narodowe we Wrocławiu;50-153;Wrocław;Pl. ;Powstańców Warszawy;5;;Minister Kultury i Dziedzictwa Narodowego;26.06.2012;Współprowadzone wpisane do rejestru prowadzonego przez Ministra Kultury i Dziedzictwa Narodowego
327;Muzeum Piastów Śląskich w Brzegu;49-300;Brzeg;Plac ;Zamkowy ;1;;Minister Kultury i Dziedzictwa Narodowego;;Współprowadzone wpisane do rejestru prowadzonego przez Ministra Kultury i Dziedzictwa Narodowego
328;Muzeum PRL – u  (w organizacji);31-934;Kraków;os. ;Centrum ;E1;;Minister Kultury i Dziedzictwa Narodowego;;Współprowadzone wpisane do rejestru prowadzonego przez jednostkę samorządu terytorialnego
329;Muzeum Sztuki Nowoczesnej w Warszawie;00-124;Warszawa;ul.;Pańska;3;;Minister Kultury i Dziedzictwa Narodowego;;Współprowadzone wpisane do rejestru prowadzonego przez Ministra Kultury i Dziedzictwa Narodowego
330;Muzeum Sztuki w Łodzi;90-734;Łódź;ul.;Więckowskiego;36;;Minister Kultury i Dziedzictwa Narodowego;28.12.1998;Współprowadzone wpisane do rejestru prowadzonego przez Ministra Kultury i Dziedzictwa Narodowego
331;Muzeum Śląskie w Katowicach;40-205;Katowice;ul.;T. Dobrowolskiego ;1;;Minister Kultury i Dziedzictwa Narodowego;07.07.2006;Współprowadzone wpisane do rejestru prowadzonego przez jednostkę samorządu terytorialnego
332;Muzeum-Zamek w Łańcucie;37-100;Łańcut;ul.;Zamkowa ;1;;Minister Kultury i Dziedzictwa Narodowego;28.12.1998;Współprowadzone wpisane do rejestru prowadzonego przez Ministra Kultury i Dziedzictwa Narodowego
333;Muzeum Żołnierzy Wyklętych w Ostrołęce (w organizacji);07-410;Ostrołęka;ul.;Traugutta;19;;Minister Kultury i Dziedzictwa Narodowego;;Współprowadzone wpisane do rejestru prowadzonego przez jednostkę samorządu terytorialnego
334;Muzeum II Wojny Światowej w Gdańsku ;80-831;Gdańsk;ul.;Długa;81-;83;Minister Kultury i Dziedzictwa Narodowego;15.07.2011;Państwowe
335;Muzeum Historii Polski w Warszawie ;00-560;Warszawa;ul.;Mokotowska (siedziba tymczasowa);33;35;Minister Kultury i Dziedzictwa Narodowego;;Państwowe
336;"Muzeum Łazienki Królewskie w Warszawie";00-460;Warszawa;ul.;Agrykoli;1;;Minister Kultury i Dziedzictwa Narodowego;06.07.1998;Państwowe
337;"Muzeum Łowiectwa i Jeździectwa w Warszawie";00-464;Warszawa;ul.;Szwoleżerów;9;;Minister Kultury i Dziedzictwa Narodowego;18.05.1998;Państwowe
338;Muzeum Marynarki Wojennej w Gdyni;81-374;Gdynia;ul.;Zawiszy Czarnego;1b;;Minister Obrony Narodowej;;Państwowe
339;Muzeum Narodowe w Krakowie;30-062;"Kraków ";ul.;3 Maja ;1;;Minister Kultury i Dziedzictwa Narodowego;18.05.1998;Państwowe
340;Muzeum Narodowe w Poznaniu;61-745;Poznań ;Aleja;Karola Marcinkowskiego;9;;Minister Kultury i Dziedzictwa Narodowego;30.08.2004;Państwowe
341;Muzeum Narodowe w Warszawie;00-495;Warszawa;Aleje ;Jerozolimsie ;3;;Minister Kultury i Dziedzictwa Narodowego;06.07.1998;Państwowe
342;"Muzeum Pałacu Króla Jana III w Wilanowie";02-958;Warszawa;ul.;Stanisława Kostki Potockiego;10;16;Minister Kultury i Dziedzictwa Narodowego;28.12.1998;Państwowe
343;Muzeum Sił Powietrznych w Dęblinie;08-521;"Dęblin ";ul.;Dywizjonu 303;12;;Minister Obrony Narodowej;;Państwowe
344;Muzeum Stutthof w Sztutowie;82-110;Sztutowo;ul.;Muzealna ;6;;Minister Kultury i Dziedzictwa Narodowego;28.12.1998;Państwowe
345;Muzeum Sztuki i Techniki Japońskiej MANGGHA ;30-302;"Kraków ";ul.;Marii Konpnickiej;26;;Minister Kultury i Dziedzictwa Narodowego;21.08.2013;Państwowe
346;Muzeum Westerplatte i Wojny 1939 ;80-563;Gdańsk;ul.;Oliwska ;33A;;Minister Kultury i Dziedzictwa Narodowego;;Państwowe
347;Muzeum Wojsk Lądowych w Bydgoszczy;85-641;Bydgoszcz;ul.;Czerkaska;2;;Minister Obrony Narodowej;;Państwowe
348;Muzeum Wojska Polskiego w Warszawie;00-495;Warszawa;Aleje ;Jerozolmskie;3;;Minister Obrony Narodowej;28.12.1999;Państwowe
349;Muzeum Zamkowe w Malborku;82-200;"Malbork ";ul.;Starościńska;1;;Minister Kultury i Dziedzictwa Narodowego;06.07.1998;Państwowe
350;Muzeum Żup Krakowskich Wieliczka w Wieliczce ;32-020;Wieliczka;ul.;Zamkowa ;8;;Minister Kultury i Dziedzictwa Narodowego;18.05.1998;Państwowe
351;Narodowe Muzeum Morskie w Gdańsku;80-751;"Gdańsk ";ul.;Ołowianka;9-;13;Minister Kultury i Dziedzictwa Narodowego;28.12.1999;Państwowe
352;"Państwowe Muzeum Auschwitz-Birkenau w Oświęcimiu";32-603;Oświęcim;ul.;Więźniów Oświęcimia ;20;;Minister Kultury i Dziedzictwa Narodowego;06.07.1998;Państwowe
353;Państwowe Muzeum na Majdanku w Lublinie;20-325;"Lublin ";ul.;Droga Męczenników Majdanka ;67;;Minister Kultury i Dziedzictwa Narodowego;06.07.1998;Państwowe
354;"Zamek Królewski na Wawelu – Państwowe Zbiory Sztuki ";31-001;Kraków;ul.;Wawel;5;;Minister Kultury i Dziedzictwa Narodowego;06.07.1998;Państwowe
355;"Zamek Królewski w Warszawie – Muzeum. Rezydencja Królów i Rzeczypospolitej ";00-277;Warszawa;pl. ;Zamkowy ;4;;Minister Kultury i Dziedzictwa Narodowego;18.05.1998;Państwowe
356;Muzeum Archidiecezjalne Kardynała Karola Wojtyły ;"31-002 ";"Kraków ";ul.;Kanonicza;19-;21;Archidiecezja Krakowska;;Kościelne
357;Muzeum bł. Ojca Stanisława Papczyńskiego w Górze Kalwarii;"05-330";" Góra Kalwaria ( Dom Zakonny Zgromadzenia Księży Marianów pod wezwaniem bł. Ojca Stanisław Papczyńskiego w Górze Kalwarii)";ul.;Stanisława Papczyńskiego ;5A;;Prowincja Polska Zgromadzenia Księży Marianów pod wezwaniem Niepokalanego Poczęcia Najświętszej Marii Panny z siedzibą w Warszawie ;;Kościelne
358;"Muzeum Diecezjalne w Drohiczynie im. Jana Pawła II";17-312;"Drohiczyn";ul. ;Kraszewskiego;4;;Diecezja  Drohiczyńska ;;Kościelne
359;"Muzeum Diecezjalne w Siedlcach";"08-110 ";" Siedlce";ul.;Biskupa I. Świrskiego ;56;;Diecezja Siedlecka;;Kościelne
360;Muzeum Diecezji Elbląskiej;82-300;"Elbląg";ul.;Mostowa ;14-;16;Diecezja Elbląska;;Kościelne
361;Muzeum im. Księdza Walentego Ślusarczyka przy Opactwie O.O. Cysterów w Wąchocku (w organizacji);27-215;Wąchock ;ul. ;Kościelna;14;;Opactwo Ojców Cystersów w Wąchocku ;;Kościelne
362;Muzeum im. św. Jana Pawła II w organizacji ;75-016;Koszalin (Centrum Pielgrzymkowo - Turystyczne przy Domu Zakonnym - Góra Chełmska);ul.;Słupska;1;;Szensztacki Instytut Sióstr Maryi (ISSM);;Kościelne
363;Muzeum Markowieckiego Sanktuarium ;"88-320          ";"Strzelno       ";;Markowice;5;;Parafia Rzymskokatolicka pw. Nawiedzenia Najświętszej Maryi Panny w Markowicach;;Kościelne
364;Muzeum Misyjne Sióstr Klawerianek w Krośnie;"38-400";"Krosno";ul.;Łukasiewicza;62;;Zgromadzenie Sióstr Misjonarek Św. Piotra Klawera w Krośnie;;Kościelne
365;Muzeum Prawosławnej Diecezji Lubelsko-Chełmskiej;21-526 ;"Jabłeczna ";ul.;Jabłeczna;1;;Prawosławna Diecezja Lubelsko-Chełmska ;;Kościelne
366;Muzeum Reformacji Polskiej w Mikołajkach;11-730; Mikołajki;ul.;Plac Kościelny ;5;;Zgromadzenie Parafialne Parafii Ewangelicko-Augsburskiej                           Św. Trójcy w Mikołajkach;;Kościelne
367;Muzeum Warszawskiej Metropolii Prawosławnej w Warszawie ;03-403;Warszawa ;ul.;św. Cyryla i Metodego ;4;;Warszawska Metropolia Prawosławna;;Kościelne
368;Chojnickie Muzeum Motoryzacji i Techniki (w organizacji);89-600;Chojnice;ul.;Stary Rynek;18;19;Liliana Helta;;Utworzone przez osoby fizyczne
369;Chotomowskie Muzeum Techniki Wojskowej w Chotomowie;05-123;Chotomów;ul.;Baśniowa;1;;Marcin Ptaszyński;;Utworzone przez osoby fizyczne
370;Ekomuzeum Olejarstwa w Zadnodze Olejarnia Staropolska na Roztoczu  (w organizacji);22-610;Krynice;;Zadnoga;19;;Anna Kołodziej;;Utworzone przez osoby fizyczne
371;Falenickie Muzeum Historyczne (w organizacji);04-921;Warszawa - Falenica;ul.;Biernacka;12;;Paweł Szewczak;;Utworzone przez osoby fizyczne
372;Kolbuszowskie Muzeum Techniki Militarnej i Użytkowej  (w organizacji);36-100;Kolbuszowa;ul.;P. Por. Sawy;76;;Zdzisław Smyrski ;;Utworzone przez osoby fizyczne
373;Kwidzyńskie Muzeum Rodła  (w organizacji);82-500;Kwidzyn;ul.;Graniczna;36;;Jacek Synakiewicz;;Utworzone przez osoby fizyczne
374;Lokalne Muzeum Techniki Wojskowej i Cywilnej (w organizacji);05-270;Marki;ul.;Zieleniecka;47;;Krzysztof Gendek;;Utworzone przez osoby fizyczne
375;Małe Muzeum Ludowe u Kowalskich ;55-100;Trzebnica;;Marcinowo;2;;Marian Kowalski ;;Utworzone przez osoby fizyczne
376;Muzeum Afryki w Sobanicach ;09-162;Nacpolsk;;Sobanice;45A;;Marta Kołodziej ;;Utworzone przez osoby fizyczne
377;Muzeum – Archeoskansen grodu warownego  z X w. (w organizacji);43-246;Strumień;ul.;Graniczna dz. ;1162;1;Sylwester Zalewski ;;Utworzone przez osoby fizyczne
378;Muzeum Bohaterów Września 1939 im. Jerzego Waszkiewicza (w organizacji);00-132;Warszawa;ul.;Grzybowska;16;22 m. 1525;Dominik Waszkiewicz;;Utworzone przez osoby fizyczne
379;Muzeum Broni i Militariów w Lubawie (w organizacji);14-260;Lubawa;ul.;Przemysłowa;2;;Jarosław Kijewski;;Utworzone przez osoby fizyczne
380;Muzeum Broni i Militariów w Przasnyszu (w organizacji);06-300;"Przasnyszul. Glinki 8";ul.;Glinki;8;;Daniel Duchnowski;;Utworzone przez osoby fizyczne
381;Muzeum Broni i Wyposażenia Piechoty w Warszawie (w organizacji);02-755;Warszawa;ul.;Alternatywy;4;120;Maciej Tylski ;;Utworzone przez osoby fizyczne
382;Muzeum Czynu Zbrojnego w Lipcach Reymontowskich;96-127;Lipce Reymontowskie;ul.;Reymonta;22;;Jerzy Murgrabia;;Utworzone przez osoby fizyczne
383;Muzeum Czynu Zbrojnego Żywiecczyzny  w Żywcu;34-300;Żywiec;ul.;Wolności;4;;Artur Caputa;;Utworzone przez osoby fizyczne
384;Muzeum 4 Pułku Strzelców Podhalańskich;43-400;Cieszyn;ul.;Frysztacka;2;;Krzysztof Neścior;;Utworzone przez osoby fizyczne
385;Muzeum II Korpusu Polskiego w Józefowie;05-420;Józefów;ul.;Kasztanowa;6;;Mariusz Niewiedzielski;;Utworzone przez osoby fizyczne
386;Muzeum II Wojny Światowej w Lubiszynie  (w organizacji);66-433;Lubiszyn;ul.;Polna;1;;Jan Lewek;;Utworzone przez osoby fizyczne
387;Muzeum Dawnej Wsi ,,Domek Tkaczki”;26-120;Bliżyn;ul.;Zafabryczna;35;;Urszula Jędrzejczyk;;Utworzone przez osoby fizyczne
388;Muzeum Dolina Psarki ;27-225;Pawłów;ul.;Tarczek;24;;Michał Sokalski ;;Utworzone przez osoby fizyczne
389;Muzeum Dwór Feillów ;32-420;Gdów;;Zręczyce;51;;Aneta Tyl;;Utworzone przez osoby fizyczne
390;Muzeum Dziedzictwa Kulturowego  (w organizacji);80-410;Szczecin;ul.;św. Wojciecha;1;;Wojciech Lizak;;Utworzone przez osoby fizyczne
391;Muzeum 3 Dywizji Piechoty Legionów w Zamościu (w organizacji);22-400;Zamość;ul.;Bohaterów Monte Cassino;5;22;Maciej Podgórski ;;Utworzone przez osoby fizyczne
392;Muzeum Eksploracji w Przeźmierowie;62-081;Przeźmierowo;ul.;Składowa;40A;;Zygmunt Adamski;;Utworzone przez osoby fizyczne
393;Muzeum Elwiro Michała Andriollego;05-410;Józefów;ul.;Słoneczna;20;;Robert Lewandowski;;Utworzone przez osoby fizyczne
394;"Muzeum Etnograficzno - Archeologiczne ""KLEISTMETAL""(w organizacji)";83-331;Żukowo Przyjaźń;ul.;Sosnowa;21;;Krystian Adamczyk;;Utworzone przez osoby fizyczne
395;Muzeum Farmacji Apteki „Pod Łabędziem” w Bydgoszczy;85-005;Bydgoszcz;ul.;Gdańska;5;;Paulina Maria Łotoszyńska;;Utworzone przez osoby fizyczne
396;Muzeum Fiata 126p;43-300;Bielsko - Biała;ul.;Karpacka;44;;Antoni Przychodzień;;Utworzone przez osoby fizyczne
397;Muzeum Fort XII Werner w Żurawicy (w organizacji);37-710;Żurawica k. Przemyśla;ul.;Forteczna;20;;Sławomir Golonka;;Utworzone przez osoby fizyczne
398;Muzeum Fotografii w Janowie Lubelskim  (w organizacji);23-300;Janów Lubelski;ul.;Jana Zamoyskiego;20;;Antoni Florczak ;;Utworzone przez osoby fizyczne
399;Muzeum Frontu Wschodniego (w organizacji);03-301;Warszawa;ul.;Jagiellońska;49c;26;Artur Steckiewicz;;Utworzone przez osoby fizyczne
400;Muzeum Góry Sowie Region Sudety w organizacji;58-250;Pieszyce;ul.;Kamionki;12;;Józef Przeorek;;Utworzone przez osoby fizyczne
401;Muzeum Gród Średniowieczny w Brzeźniku (w organizacji);59-700;Bolesławiec;;Brzeźnik;99;;Julita Krzecka – Kłonicka;;Utworzone przez osoby fizyczne
402;Muzeum Historii Bieszczad w Czarnej Górnej ;38-710;Czarna Górna;;Czarna Górna;6;;Rafał Dudka;;Utworzone przez osoby fizyczne
403;Muzeum Historii i Działań Zbrojnych (w organizacji);99-320;Żychlin;ul.;Krasickiego;8;;Bogdan Szalaty;;Utworzone przez osoby fizyczne
404;Muzeum Historii Gospodarki, Finansów i Rozwoju Przedsiębiorczości Na Ziemiach Polskich (w organizacji);05-804;Pruszków;;skr. Poczt.;90;;Krzysztof Kotyński ;;Utworzone przez osoby fizyczne
405;Muzeum Historii Komputerów i Informatyki  (w organizacji);40-061;Katowice ;Plac;Oddziałów Młodzieży Powstańczej;1;;Krzysztof Chwałowski;;Utworzone przez osoby fizyczne
406;Muzeum Historii Ziemi Ciechanowskiej (w organizacji);06-400;Ciechanów;ul.;Ks. Konrada II;9;3;Paweł Podlasiński ;;Utworzone przez osoby fizyczne
407;Muzeum Historyczne Broni Pancernej  (w organizacji);05-140;Serock;;Zabłocie Święcienica;3;;Bogdan Powała ;;Utworzone przez osoby fizyczne
408;Muzeum Historyczne ,,Frontu Wschodniego”  (w organizacji);05-120;Legionowo;ul.;Krucza;27;;Tomasz Dziczek;;Utworzone przez osoby fizyczne
409;Muzeum Historyczne Północne Mazowsze i Garnizon Różan 1914- 1945  (w organizacji);06-230;Różan;;Kaszewiec;52;;Wojciech Wielgosz;;Utworzone przez osoby fizyczne
410;Muzeum Historyczne w Sulejówku (w organizacji);05-071;Sulejówek;ul.;Szosowa;26;;Robert Buczek ;;Utworzone przez osoby fizyczne
411;Muzeum Historyczne Warszawa Kampinos 1939 (w organizacji);05-152;Czosnów Kazuń Polski ;ul.;Jeziorna;110;;Wojciech Hejnrych;;Utworzone przez osoby fizyczne
412;Muzeum Historyczne - Zespół Pałacowy  w Patrykozach  (w organizacji);08-311;Bielany;;Patrykozy;29;;Maurycy Zając;;Utworzone przez osoby fizyczne
413;Muzeum Historyczno-Etnograficzne w Andrychowie;34-120;Andrychów;ul.;Podgórska;3;;Edward Wincenty Szlagor;;Utworzone przez osoby fizyczne
414;Muzeum Historyczno Etnograficzne w Osieku (w organizacji);99-414;Kocierzew;;Osiek Dwór;;;Filip Bacciarelli;;Utworzone przez osoby fizyczne
415;Muzeum Historyczno – Przyrodnicze ,,Pamiątka”;05-080;Izabelin;ul.;3 Maja ;49;;Piotr Bakoń ;;Utworzone przez osoby fizyczne
416;Muzeum Historycznych Pojazdów Militarnych  i Techniki Motoryzacyjnej w Boczkach;98-240;Szadek;;Boczki;38;;Jacek Kopczyński ;;Utworzone przez osoby fizyczne
417;Muzeum Humoru i Absurdu w Poznaniu (w organizacji);61-309;Poznań;ul.;Bodawska;11;;Malwina Łukowska;;Utworzone przez osoby fizyczne
418;Muzeum Ikon i Kultury Staroobrzędowców  (w organizacji);12-220;Ruciane Nida;;Wojnowo;76;;Tomasz Ludwikowski;;Utworzone przez osoby fizyczne
419;Muzeum im. Michała Drzymały w Miasteczku Krajeńskim (w organizacji);89-350;Miasteczko Krajeńskie;Plac;Wolności;13;;Kazimierz Pospieszny ;;Utworzone przez osoby fizyczne
420;Muzeum im. mjr. Władysława Nowakowskiego ,,Żubra”;01-437;Warszawa;ul.;Bolecha;90;;Waldemar Nowakowski ;;Utworzone przez osoby fizyczne
421;Muzeum Jednostek Specjalnych i Wojsk Powietrzno - Desantowych (w organizacji) ;04-696;Warszawa;ul.;Piechurów;20;;Paweł Kleszczewski ;;Utworzone przez osoby fizyczne
422;"Muzeum Kaszubska Zagroda ""Bielickowo""  (w organizacji)";83-304;Przodkowo;;Kawle Dolne;7;;Czesław Bielicki;;Utworzone przez osoby fizyczne
423;Muzeum Kart do Gry (w organizacji);05-091;Ząbki;ul.;Jodłowa;22;;Andrzej Rzepkowski;;Utworzone przez osoby fizyczne
424;Muzeum Kolekcji Dwór Muławki   (w organizacji);11-400;Kętrzyn;ul.;Muławki;12;2;Paweł Lipko;;Utworzone przez osoby fizyczne
425;Muzeum Kolekcji Macieja Głowackiego;62-004;Czerwonak;ul.;Gdyńska;27;1;Maciej Głowacki;;Utworzone przez osoby fizyczne
426;Muzeum Komunikacji w Paterku (w organizacji);89-100;Nakło Paterek;ul.;Łąkowa;34A;;Artur Robert Lemański;;Utworzone przez osoby fizyczne
427;Muzeum Konfliktów Zbrojnych w Warszawie (w organizacji);02-715;Warszawa;ul.;Puławska;233;4;Piotr Szalaty;;Utworzone przez osoby fizyczne
428;Muzeum Kowalstwa i Ślusarstwa Mierzwińskich w Hajnówce;17-200;Hajnówka;ul.;Lipowa;1;;Stanisław Mierzwiński;;Utworzone przez osoby fizyczne
429;Muzeum Kresów i Ziemi Ostrowskiej im. Marzeny i Zbigniewa Banaszków w Ostrowi Mazowieckiej (w organizacji);07-300;Ostrów Mazowiecka;ul.;Lubiejewska;158;;Zbigniew Banaszek;;Utworzone przez osoby fizyczne
430;Muzeum Kultury Romów w Warszawie   (w organizacji);03-936;Warszawa;ul.;Zwycięzców;3-;5 m. 1 ;Andrzej Grzymała – Kazłowski ;;Utworzone przez osoby fizyczne
431;Muzeum Lalek w Pilźnie;39-220;Pilzno;ul.;Grodzka;24;;Zofia Gągała-Bohaczyk;;Utworzone przez osoby fizyczne
432;Muzeum Łączności w Redzie  (w organizacji);84-240;Reda;ul.;Gniewowska;74;;Marcin Talaśka ;;Utworzone przez osoby fizyczne
433;Muzeum Miasta Słupska ;76-200;Słupsk;ul.;Bauera;14;;Grzegorz Rataj ;;Utworzone przez osoby fizyczne
434;Muzeum Militariów „Atena” w Skwierzynie   (w organizacji);66-440;Skwierzyna;ul.;Rzeźnicka;1;;Agnieszka Kuś – Ratownictwo Drogowe Anhol”;;Utworzone przez osoby fizyczne
435;Muzeum Militariów i Artefaktów w Brodnicy (w organizacji);87-300;Brodnica Karbowo;ul.;Wczasowa;40a;;Grzegorz Kalisz ;;Utworzone przez osoby fizyczne
436;Muzeum Militarnej Historii w Bornem Sulinowie;78-449;Borne Sulinowo;ul.;Wojska Polskiego;1;;Wiesław Bartoszek;;Utworzone przez osoby fizyczne
437;Muzeum Mineralogiczne ze zbiorów Renaty Sokołowskiej w Szklarskiej Porębie;58-580;Szklarska Poręba;ul.;Kilińskiego;20;;Renata Sokołowska;;Utworzone przez osoby fizyczne
438;Muzeum Miniaturowej Sztuki Profesjonalnej Henryk Jan Dominiak w Tychach ;43-100;Tychy;ul.;Żwakowska;8;66;Henryk Jan Dominiak ;;Utworzone przez osoby fizyczne
439;Muzeum Młynarstwa i Rolnictwa w Osiecznej;64-100;Leszno;ul.;Dekana;8;;Jarosław Jankowski;;Utworzone przez osoby fizyczne
440;Muzeum Młynarstwa, Techniki i Rzemiosła Wiejskiego im. Józefa Winiarskiego (w organizacji);33-316;Rożnów;;Roztoka Brzeziny;105;;Michał Winiarski;;Utworzone przez osoby fizyczne
441;Muzeum Motocykli Zabytkowych w Stężycy ;83-322;Stężyca;ul.;Marii Konpnickiej;4;;Jarosław Czapiewski ;;Utworzone przez osoby fizyczne
442;Muzeum Motoryzacji   (w organizacji);34-143;Lanckorona;;Lanckorona;290;;Józef Zaręba ;;Utworzone przez osoby fizyczne
443;"Muzeum Motoryzacji i Techniki ,,SKARB NARODU"" w Warszawie (w organizacji)";02-384;Warszawa;ul.;Włodarzewska;51d;3;Robert Brykała ;;Utworzone przez osoby fizyczne
444;Muzeum Motoryzacji i Techniki w Opaczy Kolonii  (w organizacji);05-816;Opacz Kolonia;ul.;Mokra;6;;Tomasz Graczyk;;Utworzone przez osoby fizyczne
445;Muzeum Motoryzacji i Wojskowości w Tanowie (w organizacji);72-004;Tanowo;ul.;Szczecińska;16A;;Leszek Budyłowski ;;Utworzone przez osoby fizyczne
446;Muzeum Motoryzacji w Bystrej (w organizacji);34-235;Bystra;ul.;Bystra;502;;Michał Krauze;;Utworzone przez osoby fizyczne
447;Muzeum Obrony Wybrzeża w Świnoujściu;72-602;Świnoujście;ul.;Bunkrowa;2;;Piotr Piwowarczyk;;Utworzone przez osoby fizyczne
448;Muzeum Operacji i Działań Specjalnych (w organizacji);67-400;Wschowa;ul.;Słowackiego;3;;Piotr Makała ;;Utworzone przez osoby fizyczne
449;Muzeum Oręża i Techniki Użytkowej im. ks. gen. Stanisława Brzóski w Łukowie  (w organizacji);21-400;Łuków;ul.;Farfak;42;;Jan Janusz Jastrzębski;;Utworzone przez osoby fizyczne
450;Muzeum Oręża i Techniki Ziemi Zamojskiej  (w organizacji);22-420;Skierbieszów;ul.;1 Maja;31;;Marcin Potocki;;Utworzone przez osoby fizyczne
451;Muzeum Oręża im. Oddziałów Partyzanckich Ziemi Opatowskiej w Męczennicach  (w organizacji);27-540;Lipnik;ul.;Męczennice;8;;Janusz Orłowski;;Utworzone przez osoby fizyczne
452;Muzeum Pacowa Chata w Krypnie Wielkim (w organizacji);19-111;Krypno Kościelne;ul.;Krypno Wielkie ;119;;Tomasz Pac;;Utworzone przez osoby fizyczne
453;Muzeum Pałacowe Garnizonu Biedrusko (w organizacji);62-003;Biedrusko;ul.;1 Maja;82;;Jan Kucharski ;;Utworzone przez osoby fizyczne
454;Muzeum ,,Patria Colbergiensis” w Kołobrzegu ;78-100;Kołobrzeg;ul.;Armii Krajowej;12;;Robert Aleksander Maziarz;;Utworzone przez osoby fizyczne
455;Muzeum Piśmiennictwa i Drukarstwa w Grębocinie;87-122;Grębocin;ul.;Szkolna;31;;Dariusz Subocz;;Utworzone przez osoby fizyczne
456;Muzeum Pojazdów Kolekcjonerskich autokolekcjoner.pl (w organizacji);;;;;;;Radosław Jerzy Utnik ;;Utworzone przez osoby fizyczne
457;Muzeum Pojazdów Historycznych „Polskie Drogi” w Busku – Zdroju (w organizacji);28-100;Busko – Zdrój;ul.;Żeromskiego;12A;;Edyta Łukasik;;Utworzone przez osoby fizyczne
458;Muzeum Pojazdów Militarnych i Uzbrojenia (w organizacji);62-081;Przeźmierowo;ul.;Piaskowa;17;;Anna Paczkowska-Jarecka;;Utworzone przez osoby fizyczne
459;Muzeum Pojazdów Militarnych w Częstochowie (w organizacji);42-200;Częstochowa;ul.;Bukowa;25;;Karol Woldan;;Utworzone przez osoby fizyczne
460;Muzeum Polskiej Motoryzacji XX wieku ,,Polska na Kołach” w Busku – Zdroju (w organizacji);28-100;Busko – Zdrój;ul.;Podgaje;9;;Wojciech Łukasik;;Utworzone przez osoby fizyczne
461;Muzeum 1 Pułku Strzelców Konnych   w Garwolinie                                                                                    (w organizacji);08-400;Garwolin;ul.;Jana Pawła II;44a;;Przemysław Makulec;;Utworzone przez osoby fizyczne
462;Muzeum Przedmiotów Historycznych i Zapomnianych;84-250;Gniewino Bychowo;;;38;;Jacek Bagnecki;;Utworzone przez osoby fizyczne
463;Muzeum Przemysłu i Kolejnictwa na Śląsku;58-140;Jaworzyna Śląska;ul.;Towarowa;2;;Piotr Gerber;;Utworzone przez osoby fizyczne
464;Muzeum Przemysłu Wojennego w Pogórzu   (w organizacji);43-430;Skoczów Pogórze;ul.;Zamek;54;;Przemysław Michalski ;;Utworzone przez osoby fizyczne
465;Muzeum Przyrodnicze w Turzynie (w organizacji);89-240;Kcynia;;Turzyn;2;;Andrzej Morawski;;Utworzone przez osoby fizyczne
466;Muzeum Radiotechniki (w organizacji);85-112;Bydgoszcz;ul.;Mennica;2A;;Maria Kujawska;;Utworzone przez osoby fizyczne
467;Muzeum Regionalne ,,Jama Michalików” w Serocku (w organizacji);21-136;Firlej;;Serock;207;;Zygmunt Jan Michalik ;;Utworzone przez osoby fizyczne
468;Muzeum Regionalne w Kierzkowie;74-300;Myślibórz;;Kierzków;6;;Mirosław Wójcik;;Utworzone przez osoby fizyczne
469;Muzeum Regionalne w Ruks Młynie  (w organizacji);64-600;Oborniki;;Ruks Młyn;1;;Jan Czartoszewski  i Joanna Czartoszewska ;;Utworzone przez osoby fizyczne
470;Muzeum Regionalnego Pogranicza i Międzyrzeckiego Rejonu Umocnionego  w Kaławie (w organizacji);66-300;Międzyrzecz;;Kaława;68A;;Piotr Szlachtycz;;Utworzone przez osoby fizyczne
471;Muzeum Saperskie „Explosive” (w organizacji);80-001;Gdańsk;;Trakt św. Wojciecha;336;;Piotr Bik;;Utworzone przez osoby fizyczne
472;Muzeum - Skansen Młynarstwa w Żukowie (w organizacji) ;83-330;Żukowo;ul.;Parkowa;1;;Maria Kujawska;;Utworzone przez osoby fizyczne
473;Muzeum – Skansen w Ochabach – Tradycyjna Zagroda Rolna ;43-430;Skoczów;ul.;Główna;177;;Urszula i Maciej Bieniek ;;Utworzone przez osoby fizyczne
474;Muzeum Służb Mundurowych w Gdańsku (w organizacji);80-863 ;"Gdańsk ";ul. ;Doki ;1;budynek 131 A;Krzysztof Wojtaś;;Utworzone przez osoby fizyczne 
475;Muzeum Spadochroniarstwa i Wojsk Specjalnych w organizacji ;43-460;Wisła;ul.;Przylesie;1a;;Piotr Wybraniec ;;Utworzone przez osoby fizyczne
476;Muzeum Sprzętu Wojskowego w Mrągowie;11-700;Mrągowo;ul.;Przemysłowa;11C;;Sławomir Trzeciakiewicz;;Utworzone przez osoby fizyczne
477;Muzeum Sprzętu Wojskowego we Wrocławiu (w organizacji);52-218;Wrocław;ul.;Gen. Grota-Roweckiego;71B;;Zbigniew Łukaszczuk;;Utworzone przez osoby fizyczne
478;"Muzeum Strategii i Taktyki Działań Zbrojnych ""CLAUSEWITZ"" (w organizacji)";02-972;Warszawa;ul.;Sarmacka;9;104;Maciej Szalaty;;Utworzone przez osoby fizyczne
479;Muzeum Sztuki Polskiej w Sopocie;81-707;Sopot;ul.;Jana Jerzego Haffnera;54;5;Juliusz Windorbski;;Utworzone przez osoby fizyczne
480;Muzeum Śląskiego Września 1939 roku   (w organizacji);43-100;Tychy;ul.;Brzozowa;24;;Arkadiusz Dominiec ;;Utworzone przez osoby fizyczne
481;Muzeum Światowego Oręża i Wojskowości w organizacji;02-814;Warszawa;ul.;Słonki;5H;;Paweł Żerdzicki ;;Utworzone przez osoby fizyczne
482;Muzeum Techniki Bojowej w Olszynie  (w organizacji);59-830;Olszyna;ul.;Wolności;60c;;Aneta Sławińska;;Utworzone przez osoby fizyczne
483;Muzeum Techniki i Machin Wojennych w Gnieźnie;62-200;Gniezno;ul.;Św. Michała;10;;Mateusz Hen;;Utworzone przez osoby fizyczne
484;Muzeum Techniki i Rzemiosła (w organizacji);94-294;Łódź;ul.;Podhalańska;113;2;Janusz Prątnicki;;Utworzone przez osoby fizyczne
485;Muzeum Techniki i Rzemiosła Wiejskiego  w Zapuście (w organizacji);59-830;Olszyna Lubańska;;Zapusta;28;;Aneta Tyl;;Utworzone przez osoby fizyczne
486;Muzeum Techniki i Techniki Wojskowej ,,TYTAN” (w organizacji);76- 142;Malechowo;;Malechowo;27b;;Marian Laskowski ;;Utworzone przez osoby fizyczne
487;Muzeum Techniki Militarnej (w organizacji);05-311;Dębe Wielkie;ul.;Polna;15c;;Bogdan Korziuk;;Utworzone przez osoby fizyczne
488;"Muzeum Techniki Militarnej i Cywilnej ,,MARS"" (w organizacji)";78-611;Szwecja;ul.;Górna;1;;Piotr Letki;;Utworzone przez osoby fizyczne
489;Muzeum Techniki Rzemiosła Ślusarstwo – Kowalstwo w organizacji ;44-153;Sośnicowice;ul.;Raciborska;47;;Andrzej Śledziński ;;Utworzone przez osoby fizyczne
490;Muzeum Techniki Militarnej i Użytkowej w Bytomiu (w organizacji);41-902;Bytom;ul.;Katowicka;54;;Roman Ploch;;Utworzone przez osoby fizyczne
491;Muzeum Techniki Militarnej i Użytkowej  w Zabrzu (w organizacji);41-800;Zabrze;ul.;Botaniczna;6;;Rafał Siech;;Utworzone przez osoby fizyczne
492;Muzeum Techniki Motoryzacyjnej ;62-100;Wągrowiec;;Łaziska;10b;;Aleksander Błaszkowski ;;Utworzone przez osoby fizyczne
493;Muzeum Techniki Uzbrojenia w Bydgoszczy  (w organizacji);85-011;Bydgoszcz;ul.;Śniadeckich;32;;Włodzimierz Rapkiewicz;;Utworzone przez osoby fizyczne
494;Muzeum Techniki Uzbrojenia w Kamiennej Górze (w organizacji);58-400;Kamienna Góra;ul.;Lubawska;1a;;Maciej Wyszkowski ;;Utworzone przez osoby fizyczne
495;"Muzeum Techniki Wojskowej ,,ARMA"" w Warszawie";02-871;Warszawa;ul.;Karczunkowska;26;;Jarosław Jakubowski;;Utworzone przez osoby fizyczne
496;Muzeum Techniki Wojskowej i Obrony Przeciwlotniczej w Busku - Zdroju  (w organizacji);28-100;Busko-Zdrój;ul.;Żeromskiego;24;;Zbigniew Wach;;Utworzone przez osoby fizyczne
497;Muzeum Techniki Wojskowej i Użytkowej ;95-030;Rzgów;ul.;Polna;3;;Kordian Skalski;;Utworzone przez osoby fizyczne
498;Muzeum Techniki Wojskowej im. Bogdana Wojciecha Kozłowskiego w Olsztynie ;11-041;Olsztyn;ul.;Wilimowo;10a;;Bogdan Wojciech Kozłowski;;Utworzone przez osoby fizyczne
499;Muzeum Techniki Wojskowej im. Jerzego Tadeusza Widuchowskiego w Zabrzu   (w organizacji);41-803;Zabrze;ul.;Wojciecha Kossaka;31a;2;Wacław Widuchowski;;Utworzone przez osoby fizyczne
500;Muzeum Techniki Wojskowej w Feliksowie (w organizacji) ;05-083;Zaborów;ul.;Świerkowa;5;;Jacek Roszkowski ;;Utworzone przez osoby fizyczne
501;Muzeum Techniki Wojskowej w Jaworznie (w organizacji);43-602;Jaworzno;ul.;Zarzeczna;2;;Marian Lewek ;;Utworzone przez osoby fizyczne
502;Muzeum Techniki Wojskowej w Kłodawie (w organizacji);62-650;Kłodawa;ul.;Cegielniana;26;;Paweł Bartłomiejczak;;Utworzone przez osoby fizyczne
503;Muzeum Twierdza BTR – 40  we Wrocławiu;51-180;Wrocław;ul.;Kominiarska;32;;Wiesław Majewski ;;Utworzone przez osoby fizyczne
504;Muzeum Uzbrojenia (w organizacji);05-220;Zielonka;ul.;Sprinterska;5;;Wojciech Goryca;;Utworzone przez osoby fizyczne
505;Muzeum Uzbrojenia i Wojskowości (w organizacji);05-077;Warszawa -  Wesoła;ul.;Jana Pawła II;46;;Jędrzej Kozak ;;Utworzone przez osoby fizyczne
506;Muzeum Uzbrojenia Żołnierza Wojska Polskiego 1914-1945 (w organizacji);01-518;Warszawa;ul.;Józefa Zajączka;1-;5 m. 17;Jacek Mazuro;;Utworzone przez osoby fizyczne
507;Muzeum Volkswagena;83-330;Żukowo, Pępowo gm. Żukowo;ul.;Armii Krajowej;50;;Ewa Suchecka ;;Utworzone przez osoby fizyczne
508;Muzeum w Ponurzycy (w organizacji);05-430;Celestynów;;Ponurzyca;60;;Radosław Szymczak;;Utworzone przez osoby fizyczne
509;Muzeum Willa Lodusieńka w Warszawie ;04-824;Warszawa;ul.;Herbaciana;6;;Marek Salamonowicz;;Utworzone przez osoby fizyczne
510;Muzeum Wojen i Życia (w organizacji);68-200;Żary;Plac ;Przyjaźni;14;2;Franciszek Łuckiewicz;;Utworzone przez osoby fizyczne 
511;Muzeum Wojny i Pokoju (w organizacji);05-071;Sulejówek;ul.;Grzybowa;3;;Robert Wyrostkiewicz;;Utworzone przez osoby fizyczne
512;Muzeum Wojny Obronnej Rybnik’39  (w organizacji);44-251;Rybnik;ul.;Rycerska;16a;;Marcin Ruś;;Utworzone przez osoby fizyczne
513;Muzeum Wojskowe i Regionalne w Klenicy (w organizacji);66-133;Klenica;ul.;Bolesława Chrobrego;14;;Tomasz Łysiak;;Utworzone przez osoby fizyczne
514;Muzeum Wojskowo- Cywilne w Łosicach ;08-200;Łosice;ul.;Narutowicza;53;11;Mateusz Celiński ;;Utworzone przez osoby fizyczne
515;Muzeum Wojskowości i Uzbrojenia (w organizacji);02-972;Warszawa;ul.;Hlonda;2c;127;Michał Kuczmierowski;;Utworzone przez osoby fizyczne
516;Muzeum Wojskowości w Świerklańcu (w organizacji);42-622;Świerklaniec;ul.;Tarnogórska;75;;Antoni Żurek;;Utworzone przez osoby fizyczne
517;Muzeum Wolnego Czasu (w organizacji);82-120;Krynica Morska;ul.;Teleexpresu;3c;;Filip Gawliński ;;Utworzone przez osoby fizyczne
518;Muzeum Wsi Sudeckiej i Techniki Militarnej;58-340;Łomnica;ul.;Sudecka;dz. nr 104;;Jerzy Rudnicki;;Utworzone przez osoby fizyczne
519;Muzeum Wsi w Maruszowie (w organizacji);27-630;Zawichost;;Maruszów;16;;Edward Ziarko;;Utworzone przez osoby fizyczne
520;Muzeum Współczesnej Broni Palnej w Jeżowie Sudeckim (w organizacji);58-521;Jeżów Sudecki;ul.;Zachodnia;2;;Wojciech Aleksiewicz;;Utworzone przez osoby fizyczne
521;Muzeum Zabawek w Kudowie Zdroju   (w organizacji);57-350;Kudowa Zdrój;ul.;Zdrojowa;34;4;Maria Ozierańska;;Utworzone przez osoby fizyczne
522;Muzeum Zabytków Techniki Wojskowej w Warszawie;30-107;Warszawa;ul.;Ciechanowska;3;;Maciej Kęszycki;;Utworzone przez osoby fizyczne
523;Muzeum Zamkowe Kamieniec;38-420;Korczyna;ul.;Podzamcze;b;n;Andrzej Kołder ;;Utworzone przez osoby fizyczne
524;Muzeum Zamkowe w Grodźcu;43- 386;Świętoszówka Grodziec;ul.;Dworska;1;;Michał Bożek ;;Utworzone przez osoby fizyczne
525;Muzeum ,,Ziemi Kaszubskiej i Sprzętów Militarnych” (w organizacji);83-311;Goręczyno gm. Samonino;ul.;Kasztelańska;26e;;Sławomir Kamiński ;;Utworzone przez osoby fizyczne
526;Muzeum Ziemi Makowskiej i Garnizonu Różan;06-230;Różan;ul.;Szkolna;2;;Wiesław Łaskarzewski;;Utworzone przez osoby fizyczne
527;Muzeum Ziemi Włodawskiej;22-244;Stary Brus;ul.;Kołacze;115;;Paweł Wojtal;;Utworzone przez osoby fizyczne
528;Muzeum Ziemi Wolsztyńskiej  (w organizacji);64-200;Wolsztyn;ul.;Niałecka;24;;Andrzej Toś;;Utworzone przez osoby fizyczne
529;Nadwiślańskie Muzeum Broni Dawnej i Nowej w Piasecznie (w organizacji);05-500;Piaseczno;ul.;Młynarska;13;;Maciej Szadkowski ;;Utworzone przez osoby fizyczne
530;Podlaskie Muzeum Techniki Wojskowej  i Użytkowej w Bielanach Wąsach ;08-311;Bielany;;Bielany Wąsy;14;;Mariusz Murawski;;Utworzone przez osoby fizyczne
531;Pomorskie Muzeum Motoryzacji  (w organizacji);84-208;Kielno;ul.;Tuchomska;2;;Tomasz Nasiński ;;Utworzone przez osoby fizyczne
532;Pomorskie Muzeum Motoryzacji i Techniki  w Gdyni (w organizacji);81-383;Gdynia;ul.;I Armii Wojska Polskiego;28;;Tomasz Karchut;;Utworzone przez osoby fizyczne
533;Pomorskie Okręgowe Muzeum PRL w Sępólnie Krajeńskim (w organizacji);89-400;Sępólno Krajeńskie ;ul. ;Koronowska ;20;4;Marcin Gulka ;;Utworzone przez osoby fizyczne 
534;Prywatne Multimedialne Muzeum Gry i Zabawy w Warszawie (w organizacji);00-586;Warszawa;ul.;Flory;5;24;Paweł Abramczuk ;;Utworzone przez osoby fizyczne
535;Prywatne Muzeum Broni i Militariów w Świdnicy;58-100;Świdnica;ul.;Witoszów Dolny;7;;Stanisław Gabryś;;Utworzone przez osoby fizyczne
536;Prywatne Muzeum Broni Pancernej i Militariów im. Franciszka Bier w Bielsku-Białej;43-310;Bielsko-Biała;ul.;Pasterska;18;;Rafał Bier;;Utworzone przez osoby fizyczne
537;Prywatne Muzeum Kowalstwa w Warszawie;02-749;Warszawa;ul.;Przy Grobli;84;;Kamil Gałecki;;Utworzone przez osoby fizyczne
538;Prywatne Muzeum Motoryzacji i Techniki   w Otrębusach;05-805;Otrębusy k/Warszawy;ul.;Warszawska;21;;Joanna Mikiciuk;14.12.2001;Utworzone przez osoby fizyczne
539;Prywatne Muzeum Podkarpackich Pól Bitewnych;38-400;Krosno;ul.;Czajkowskiego;92;;Piotr Kiełtyka;;Utworzone przez osoby fizyczne
540;Prywatne Muzeum Pojazdów Militarnych  i Zabytkowych w Rakszawie;37-111;Rakszawa;;Rakszawa;118;3;Bogdan Maczuga;;Utworzone przez osoby fizyczne
541;Prywatne Muzeum Polsko-Amerykańskie „Hell’s Angel” w Wadowicach;34-100;Wadowice;ul.;Konstytucji 3 Maja ;23A;;Zygmunt Kraus;;Utworzone przez osoby fizyczne
542;Prywatne Muzeum Sztuki Ludowej  w Otrębusach;05-805;Otrębusy k/ Warszawy;ul.;Natalińska;15;;Marian Pokropek;;Utworzone przez osoby fizyczne
543;Prywatne Muzeum Techniki i Militariów w Rzeszowie;35-083;Rzeszów;ul.;Rymanowska;8;10;Tomasz Bąk;;Utworzone przez osoby fizyczne
544;Prywatne Muzeum „Tomala” w Kadzidle;07-420;Kadzidło;ul.;Kompozytorów;9;;Antoni Tomala;;Utworzone przez osoby fizyczne
545;Prywatne Muzeum w Petrykozach;96-321;Petrykozy;;;;;Jadwiga Siemion;;Utworzone przez osoby fizyczne
546;Prywatne Muzeum w Tuklęczy (w organizacji);28-236;Rytwiany;;Tuklęcz;27;;Jerzy Krauze ;;Utworzone przez osoby fizyczne
547;Regionalne Muzeum Drogownictwa „Nurzec Stacja”;17-330;Nurzec Stacja;;;;;Izabella Kortyka;;Utworzone przez osoby fizyczne
548;Śląskie Muzeum Militariów i Techniki Użytkowej w Gorzycach  (w organizacji);44-350;Gorzyce;ul.;Raciborska;138;;Maciej Gruszka ;;Utworzone przez osoby fizyczne
549;Świętokrzyskie Muzeum Militariów  w Małogoszczu (w organizacji);28-366;Małogoszcz;ul.;Konarskiego;47;;Paweł Grosicki ;;Utworzone przez osoby fizyczne
550;Toruńskie Muzeum Oręża   (w organizacji);87-100;Toruń;ul.;Grudziądzka;57a;16;Krzysztof Melerski;;Utworzone przez osoby fizyczne
551;TWIERDZA TORUŃ-Muzeum Historii i Wojskowości w Toruniu;87-100;Toruń;ul.;Winna;19;;Tomasz Krajewski;;Utworzone przez osoby fizyczne
552;Unisławskie Muzeum Barwy i Broni   (w organizacji);86-260;Unisław;ul.;Rynkowa;14;1;Tomasz Michałek ;;Utworzone przez osoby fizyczne
553;Zagłębiowskie Muzeum Militariów Dragon w Sosnowcu (w organizacji);41-215;Sosnowiec;ul.;Gen. Waltera Janke;32;;Krzysztof Borda ;;Utworzone przez osoby fizyczne
554;Dolnośląskie Społeczne Muzeum Kolejnictwa Przy Klubie Sympatyków Kolei we Wrocławiu;50-503;Wrocław;ul.;Paczkowska;26;;Klub Sympatyków Kolei z siedzibą we Wrocławiu;;Utworzone przez osoby prawne
555;Europejskie Centrum - Muzeum Haftu na Ziemi Garkowskiej;63-430;Odolanów;;Garki;16B;;Fundacja im. św. Rity na rzecz Europejskiego Muzeum Etnograficznego Ziemi Garkowskiej;;Utworzone przez osoby prawne
556;Interaktywne Muzeum Technik Bezpieczeństwa, Transportu, Ochrony i Higieny Pracy w Mikołowie;43-190;Mikołów;ul.;Rybnicka;43;;PPHU MORITZ Marek Różycki;;Utworzone przez osoby prawne
557;Kujawskie Muzeum Oręża, Nauki i Techniki (w organizacji);87-880;Brześć Kujawski;ul.;Redecz Krukowy;8A;;Fundacja im. Janusza Borkowskiego                                                                                  „Godne Życie na Kujawach”;;Utworzone przez osoby prawne
558;Małopolskie Muzeum Pożarnictwa  im. Z. Gęsikowskiego w Alwerni;32-566;Alwernia;ul.;Korycińskiego;10;;Ochotnicza Straż Pożarna w  Alwerni;;Utworzone przez osoby prawne
559;Mazurskie Muzeum Militariów ;11-400;Kętrzyn;ul.;Parcz;7;1;"Fundacja Edukacji Historycznej ,,Park Militariów"" ";;Utworzone przez osoby prawne
560;Mobilne Muzeum Lotnictwa i Techniki w Warszawie (w organizacji);02-063;Warszawa;ul.;Górnickiego;3;8;Fundacja Lot Classic J. Makula &Partnerzy;;Utworzone przez osoby prawne
561;Mobilne Muzeum Militarne we Wrocławiu (w organizacji);51-180;Wrocław;ul.;Pełczyńska;33;;Fundacja Inicjatyw Społecznych i Kulturalnych JEDYNKA;;Utworzone przez osoby prawne
562;Muzeum Akademii Sztuk Pięknych                                                                        w Warszawie;00-068;Warszawa;ul.;Krakowskie Przedmieście;5;;Akademia Sztuk Pięknych;;Utworzone przez osoby prawne
563;Muzeum Bambrów Poznańskich;60-723;Poznań;ul.;Mostowa;7;9;Towarzystwo Bambrów Poznańskich w Poznaniu;;Utworzone przez osoby prawne
564;Muzeum Broni Dawnej i Nowej Towarzystwa Strzeleckiego;75-038;Koszalin;ul.;Zwycięstwa;46;4D;Towarzystwo Strzeleckie  z siedzibą w Koszalinie ;;Utworzone przez osoby prawne
565;Muzeum Broni i Sprzętu Wojskowego Kwidzyńskiego Stowarzyszenia Sportowo-Kolekcjonerskiego GWARD (w organizacji);82-500;Kwidzyn;ul.;Miłosna;18;;Kwidzyńskie  Stowarzyszenie Sportowo-Kolekcjonerskie GWARD;;Utworzone przez osoby prawne
566;Muzeum Broni i Sprzętu Wojskowego SIRGUNE (w organizacji);82-440;Dzierzgoń;ul.;Odrodzenia;4;;SALU Sp. z o.o.;;Utworzone przez osoby prawne
567;Muzeum Chirurgii i Sali Operacyjnej w Ustroniu ;43-450;Ustroń;ul.;Szpitalna;11;;Śląski Szpital Reumatologiczno- Rehabilitacyjny w Ustroniu ;;Utworzone przez osoby prawne
568;Muzeum Czynu Bojowego Kleeberczyków w Woli Gułowskiej (w organizacji);21-481;Wola Gułowska ;ul.;;68;;Samorządowa instytucja kultury - Dom Kultury - Pomnik Czynu Bojowego Kleeberczyków w Woli Gułowskiej, dla której organizatorem jest Gmina Adamów;;Utworzone przez osoby prawne
569;Muzeum Czynu Niepodległościowego ;30-063;Kraków;ul.;3 Maja;7;;Związek Legionistów Polskich ;;Utworzone przez osoby prawne
570;Muzeum Czynu Zbrojnego w Krakowie Nowej Hucie;31-961;Kraków;os. ;Górali;23;;Małopolska Fundacja Dom Kombatanta RP - Muzeum Czynu Zbrojnego;;Utworzone przez osoby prawne
571;"Muzeum Edukacji ,,Pszczółki"" w Niezwojowicach ";32-109;Pałecznica  Niezwojowice;;;23;;"Fundacja na rzecz Kultury Sztuki i Przyrody ,,Pszczółki""";;Utworzone przez osoby prawne
572;Muzeum Eksploracji Polskiej (w organizacji);80-518;Gdańsk;ul.;Gdańska;21;E;"Fundacja Na Rzecz Odzyskania Zaginionych Dzieł Sztuki ""LATEBRA""";;Utworzone przez osoby prawne
573;Muzeum Fortyfikacji Pancernej Twierdzy Toruń;87-100;Toruń;ul.;Poznańska;191;199;Toruńskie Towarzystwo Fortyfikacyjne;;Utworzone przez osoby prawne
574;Muzeum Fryderyka Chopina w Warszawie;00-368;Warszawa (Zamek Ostrogskich);ul.;Okólnik;1;;Narodowy Instytut Fryderyka Chopina ;;Utworzone przez osoby prawne
575;Muzeum Gazownictwa w Paczkowie;48-370;Paczków;ul.;Pocztowa;6;;Górnośląska Spółka Gazownictwa Sp. z o.o.;;Utworzone przez osoby prawne
576;Muzeum Gazownictwa w Warszawie;01-224;Warszawa;ul.;Marcina Kasprzaka;25;;Polskie Górnictwo Naftowe i Gazownictwo Spółka Akcyjna ;;Utworzone przez osoby prawne
577;Muzeum Gryfa Pomorskiego;84-251;Lisewo;;;28;;Militarni Team Sp. z o.o.  z siedzibą w Gdyni;;Utworzone przez osoby prawne
578;Muzeum Harcerstwa w Warszawie;00-491;Warszawa;ul.;Konopnickiej;6;;Związek Harcerstwa Polskiego;;Utworzone przez osoby prawne
579;Muzeum Historii i Uzbrojenia w Opolu przy Stowarzyszeniu 10 Sudeckiej Dywizji Zmechanizowanej (w organizacji);45-063;Opole;ul.;Kościuszki;45;;Stowarzyszenie 10 Sudeckiej Dywizji Zmechanizowanej ;;Utworzone przez osoby prawne
580;Muzeum Historii Medycyny Warszawskiego Uniwersytetu Medycznego (w organizacji);02-091;Warszawa;ul.;Żwirki i Wigury;63;;Warszawski Uniwersytet Medyczny;;Utworzone przez osoby prawne
581;Muzeum Historii Obronności i Oręża Polskiego w Drzewcach  (w organizacji);86-065;Drzewce;ul.;Drzewiecka;15;;"Stowarzyszenie Kulturalno-Naukowe ""AWANGARDA""                                         w Drzewcach";;Utworzone przez osoby prawne
582;Muzeum Historii Ruchu Harcerskiego (w organizacji);91-849;Łódź;ul.;Jonschera;1;4;"Fundacja ""Montownia Wrażeń Kulturalnych""";;Utworzone przez osoby prawne
583;Muzeum Historii Szczypiorna ;62-800;Kalisz;ul.;Wrocławska;189;;Stowarzyszenie Szczypiorniak z siedzibą w Kaliszu ;;Utworzone przez osoby prawne
584;Muzeum Historii Twierdzy Świnoujście;72-600;Świnoujście;ul.;Jachtowa;1;;Stowarzyszenie Miłośników Fortów w Świnoujściu „Reduta”;;Utworzone przez osoby prawne
585;Muzeum Historyczne im. 7 Pułku Lansjerów Nadwiślańskich (w organizacji);05-074;Halinów;ul.;Okuniewska;114;;Stowarzyszenie Historyczno – Edukacyjne im. 7 Pułku Lansjerów Nadwiślańskich ;;Utworzone przez osoby prawne
586;Muzeum Historyczne „Skarb” w Policach;72-010;Police;ul.;Spółdzielcza;31;;Stowarzyszenie Przyjaciół Ziemi Polickiej „Skarb” z siedzibą w Policach ;;Utworzone przez osoby prawne
587;Muzeum Historyczne przy PBG Spółka Akcyjna;62-081;Wysogotowo (poczta Przeźmierowo);ul.;Skórzewska;35;;PBG S. A z siedzibą w Wysogotowie ;;Utworzone przez osoby prawne
588;Muzeum Historyczne w Bytomiu (w organizacji);41-902;Bytom;ul.;Prusa;14;5;Fundacja im. Mieczysława Dumnickiego;;Utworzone przez osoby prawne
589;Muzeum Hutnictwa Cynku - Walcownia;40-387;Katowice;ul.;11 Listopada;50;;Fundacja Ochrony Dziedzictwa Przemysłowego Śląska ;;Utworzone przez osoby prawne
590;Muzeum Hutnictwa Doliny Małej Panwi;46-040;Ozimek;ul.;Hutnicza;1;;Stowarzyszenie Dolina Małej Panwi;;Utworzone przez osoby prawne
591;Muzeum im. G. i. J. Osiakowskich (w organizacji);62-800;Kalisz;ul.;Garbarska;2;;Fundacja ,,Króla Salomona”;;Utworzone przez osoby prawne
592;Muzeum Instytutu Tarnogórskiego ;42-600;Tarnowskie Góry;ul.;Ligonia;7;;Instytut Tarnogórski i Muzeum ;;Utworzone przez osoby prawne
593;Muzeum Kampanii Wrześniowej i Twierdzy Modlin;05-100;Nowy Dwór Mazowiecki (Twierdza Modlin);ul.;Baśki Murmańskiej;164;;Stowarzyszenie Przyjaciół Muzeum Kampanii Wrześniowej i Twierdzy Modlin;;Utworzone przez osoby prawne
594;Muzeum Kolekcji im. Jana Pawła II Fundacji Carroll-Porczyńskich w Warszawie;00-139;Warszawa;Plac;Bankowy;1;;Fundacja Arteks i Konferencja Episkopatu Polski ;;Utworzone przez osoby prawne
595;Muzeum Kolekcja Sztuki Współczesnej;26-600;Radom;ul.;Kopernika;1;;Samorządowa instytucja kultury - Mazowieckie Centrum Sztuki Współczesnej „Elektrownia” w Radomiu, dla której organizatorem jest Województwo Mazowieckie;;Utworzone przez osoby prawne
596;Muzeum Komunikacji w Warszawie (w organizacji) ;03-309;Warszawa;ul.;Pożarowa;2;;Fundacja Heredis ;;Utworzone przez osoby prawne
597;Muzeum Książki Artystycznej w Łodzi;90-349;Łódź;ul.;Tymienieckiego;24;;Fundacja Correspondance des Arts;;Utworzone przez osoby prawne
598;Muzeum Lokalne Kolejki Szprotawskiej w Zielonej Górze (w organizacji);65-462;Zielona Góra;ul.;Ogrodowa;3c;;Polskie Towarzystwo Krajoznawcze;;Utworzone przez osoby prawne
599;Muzeum Lotnictwa i Techniki Militarnej w Rogowie;72-330;Rogowo,;;Rogowo;376;41;Fundacja na rzecz Ochrony Zabytków militarnych i propagowania sportów lotniczych ,,Fort-Rogowo” z siedzibą w Rogowie;;Utworzone przez osoby prawne
600;Muzeum Lotnictwa Ziemi Świdwińskiej (w organizacji);78-300;Świdwin;ul.;Niedziałkowskiego;17;;Stowarzyszenie Przyjaciół Lotniska Wojskowego Świdwin z siedzibą w Świdwinie;;Utworzone przez osoby prawne
601;Muzeum Lotnicze w Góraszce;05-462;Góraszka Gm. Wiązowna ;;Lotnisko Góraszka;;;Fundacja „Polskie Orły”;;Utworzone przez osoby prawne
602;Muzeum Lwowa i Kresów Południowo-Wschodnich (w organizacji);96-325;Radziejowice;;Kuklówka Radziejowicka;23A;;Fundacja Lwów i Kresy Południowo-Wschodnie;;Utworzone przez osoby prawne
603;Muzeum Marii Skłodowskiej - Curie Polskiego Towarzystwa Chemicznego;00-227;Warszawa;ul.;Freta;16;;Polskie Towarzystwo Chemiczne;;Utworzone przez osoby prawne
604;Muzeum Miasta i Rzeki Warty przy Oddziale PTTK im. dr E. Kaleniewicz w Warcie;98-290;Warta;ul.;20 stycznia ;26;;Oddział Polskiego Towarzystwa Turystyczno – Krajoznawczego im. dr Eugenii Kaleniewicz w Warcie;;Utworzone przez osoby prawne
605;Muzeum Miejskie w Górowie Iławeckim ;11-220;Górowo Iławeckie;ul.;Sikorskiego;19;3;Stowarzyszenie Historyczno – Kolekcjonerskie Ziemi Górowskiej ,,DREYSE”;;Utworzone przez osoby prawne
606;Muzeum Militarnych Dziejów Śląska w Pszczynie (w organizacji);43-200;Pszczyna;ul.;Katowicka;1;;,,PRO MEMORIA” Stowarzyszenie Bitwy pod Pszczyną 1939;;Utworzone przez osoby prawne
607;Muzeum Morskiego Dywizjonu Lotniczego w Pucku;84-100;Puck;ul.;10 Lutego;36;;Stowarzyszenie Historyczne Morskiego Dywizjonu Lotniczego w Pucku;;Utworzone przez osoby prawne
608;Muzeum Nauk Rolniczych im. Książąt Czartoryskich w Puławach (w organizacji);24-100;Puławy;ul.;Czartoryskich;8;;Instytut Uprawy Nawożenia i Gleboznawstwa – Państwowy Instytut Badawczy w Puławach;;Utworzone przez osoby prawne
609;Muzeum Obrony Wybrzeża;84-150;Hel;ul.;Helska;16;;Stowarzyszenie ,,Przyjaciele Helu”, Sekcja Zabytków Militarnych;;Utworzone przez osoby prawne
610;Muzeum Oręża i Techniki Użytkowej;05-230;Kobyłka;ul.;Leszka;23;;Fundacja EKSPONAT;;Utworzone przez osoby prawne
611;Muzeum Oręża Polskiego im. 1. Brygady Pancernej im. Bohaterów Westerplatte;26-903;Głowaczów;;Studzianki Pancerne;14;;Fundacja Obrońców Ojczyzny ,,Pancerze i Skrzydła”;;Utworzone przez osoby prawne
612;Muzeum „Otwarta Twierdza”-Otwarte Rozproszone Ekomuzeum Cywilizacji i Wojny XIX i XX wieku;31-153;Kraków;ul.;Szlak;26;;Fundacja Aktywnej Ochrony Zabytków, Techniki i Dziedzictwa Kulturowego „Janus”;;Utworzone przez osoby prawne
613;Muzeum Pamiątek Turystycznych PTTK w Radomiu;26-600;Radom;ul.;Miła;10;;Zarząd Oddziału Miejskiego PTTK w Radomiu;;Utworzone przez osoby prawne
614;Muzeum Pamięci Narodowej Kobiet Polskich  w Szczecinie   (w organizacji);71-612;Szczecin;ul.;Malczewskiego;35;LU1;Fundacja Oleander;;Utworzone przez osoby prawne
615;Muzeum Papiernictwa w Dawnej Królewskiej Fabryce Papieru w Konstancinie-Jeziornie;05-520;Konstancin -Jeziorna;ul.;Mirkowska;45;;Konstans Sp. z o.o.;;Utworzone przez osoby prawne
616;Muzeum Parowozownia Jarocin w Jarocinie            (w organizacji);63-200;Jarocin;ul.;Parowozownia;1;;Towarzystwo Kolei Wielkopolskiej  z siedzibą w Jarocinie;;Utworzone przez osoby prawne
617;Muzeum „Pod Kuźniczym Młotem”  ;34-500;Zakopane;Plac;Niepodległości;6;;Zakopiańska Fundacja Narodowa „Skansen”;;Utworzone przez osoby prawne
618;Muzeum Powozów Galowice;55-020;Żórawina, Galowice;ul.;Leśna;5;;Fundacja ,,Gallen”;;Utworzone przez osoby prawne
619;Muzeum Pożarnictwa  w Przodkowie;83-304;Przodkowo;ul.;Kartuska;23;;Stowarzyszenie Ochotnicza Straż Pożarna w Przodkowie;;Utworzone przez osoby prawne
620;Muzeum PRL-u i Historii Miasta Nowy Dwór Mazowiecki (w organizacji);05-100;Nowy Dwór Mazowiecki;ul.;Nowołęczna;2;;Fundacja dla Muzeum PRL-u i Historii Miasta Nowy Dwór Mazowiecki;;Utworzone przez osoby prawne
621;Muzeum Przemysłu i Techniki w Wałbrzychu ;58-304;Wałbrzych;ul.;Piotra Wysockiego;29;;Samorządowa instytucja kultury pn. Park Wielokulturowy – Stara Kopalnia w Wałbrzychu, dla której organizatorem jest Gmina Wałbrzych;;Utworzone przez osoby prawne
622;Muzeum Przemysłu Zapałczanego w Częstochowie;42-200;Częstochowa;ul.;Ogrodowa;68;;Spółka Akcyjna Częstochowskie Zakłady Przemysłu Zapałczanego ;;Utworzone przez osoby prawne
623;Muzeum Ratownictwa w Krakowie ;30-363;Kraków;ul.;Rzemieślnicza;10;;Stowarzyszenie Ochotnicza Straż Pożarna ,,Muzeum Ratownictwa” w Krakowie ;;Utworzone przez osoby prawne
624;Muzeum Regionalne im. Seweryna Udzieli w Starym Sączu;33-340;Stary Sącz;ul.;Rynek;6;;Towarzystwo Miłośników Starego Sącza ;;Utworzone przez osoby prawne
625;Muzeum Regionalne PTTK im. Antoniego Minkiewicza w Olkuszu;32-300;Olkusz;ul.;Rynek;20;;Polskie Towarzystwo Turystyczno-Krajoznawcze im. Aleksandra Janowskiego Oddział w Olkuszu ;;Utworzone przez osoby prawne
626;Muzeum Regionalne PTTK im. Ignacego Łukasiewicza w Gorlicach;38-300;Gorlice;ul.;;;;Gorlicki Oddział Polskiego Towarzystwa Turystyczno-Krajoznawczego;;Utworzone przez osoby prawne
627;Muzeum Regionalne PTTK im. Izabeli Ks. Czartoryskiej w Puławach ;24-100;Puławy;ul.;Czartoryskich;6a;;Oddział Polskiego Towarzystwa Turystyczno – Krajoznawczego w Puławach ;;Utworzone przez osoby prawne
628;Muzeum Regionalne PTTK im. Władysława Kowalskiego w Dobczycach;32-410;Dobczyce;ul.;Podgórska;1;;Oddział Polskiego Towarzystwa Turystyczno – Krajoznawczego w Dobczycach ;;Utworzone przez osoby prawne
629;Muzeum Regionalne PTTK w Końskich;26-200;Końskie;ul.;Partyzantów;1;;Zarząd Oddziału Polskiego Towarzystwa Turystyczno - Krajoznawczego w Końskich;;Utworzone przez osoby prawne
630;Muzeum Regionalne w Brzesku (w organizacji);32-800;Brzesko;ul.;Kościuszki;2;;wewnętrzna jednostka organizacyjna Miejskiego Ośrodka Kultury w Brzesku ;;Utworzone przez osoby prawne
631;Muzeum Regionalne w Dobrodzieniu (w organizacji);46-380;Dobrodzień;Plac;Wolności;24;;wewnętrzna jednostka organizacyjna Dobrodzieńskiego Ośrodka Kultury i Sportu z siedzibą w Dobrodzieniu, dla którego Organizatorem jest Gmina Dobrodzień;;Utworzone przez osoby prawne
632;Muzeum Regionalne w Goczałkowicach-Zdroju (w organizacji);43-230;Goczałkowice-Zdrój;ul.;Główna;46A;;Stowarzyszenie Przyjaciół Goczałkowic-Zdroju;;Utworzone przez osoby prawne
633;Muzeum Regionalne w Handzlówce;37-123;Handzlówka;ul.;Handzlówka;107;;Stowarzyszenie Promocji i Rozwoju Wsi Handzlówka ;;Utworzone przez osoby prawne
634;Muzeum Regionalne w Krokowej;84-100;Krokowa;ul.;Zamkowa;1;;Fundacja Europejskie Spotkania Kaszubskie Centrum Kultury Krokowa;;Utworzone przez osoby prawne
635;Muzeum Regionalne w Pilźnie;39-220;Pilzno;ul.;Petrycego;8;;Dom Kultury w Pilźnie ;;Utworzone przez osoby prawne
636;Muzeum Romanowscy w organizacji z siedzibą w Poznaniu ;61-407;Poznań;ul.;Franciszka Witaszka;4;;Fundacja Romanowscy ;;Utworzone przez osoby prawne
637;Muzeum Sali BHP Stoczni Gdańskiej (w organizacji);80-864;Gdańsk;ul.;Ks. Jerzego Popiełuszki;6;;Fundacja Promocji Solidarności z siedzibą w Gdańsku;;Utworzone przez osoby prawne
638;Muzeum Spraw Wojskowych w Krakowie ;30-698;Kraków;ul.;Sawiczewskich;46;;Fundacja ,,Gloria Fortibus”;;Utworzone przez osoby prawne
639;Muzeum Sue Ryder w organizacji;00-588;Warszawa (Rogatka Mokotowska);Plac;Uni Lubelskiej;3;;Fundacja Sue Ryder ;;Utworzone przez osoby prawne
640;Muzeum Sztuki Drukarskiej i Papiernictwa  im. Fiola i Fiodorowa w Supraślu  (w organizacji);16-030;Supraśl;ul.;Klasztorna;1;;Muzeum Sztuki Drukarskiej i Papiernictwa im. Fiola i Fiodorowa sp. z o.o.;;Utworzone przez osoby prawne
641;Muzeum Sztuki Książki;75-120;Koszalin;ul.;Szczecińska;1;;Wydawnictwo Artystyczne Kurtiak i Ley;;Utworzone przez osoby prawne
642;Muzeum Sztuki Reduktywnej;59-850;Świeradów Zdrój;ul.;Piłsudskiego;29;;Fundacja Gerarda na Rzecz Sztuki Współczesnej;;Utworzone przez osoby prawne
643;Muzeum Techniki i Przemysłu NOT w Warszawie;00-901;Warszawa;Plac;Defilad;1;;Naczelna Organizacja Techniczna Federacja Stowarzyszeń Naukowo – Technicznych ;;Utworzone przez osoby prawne
644;Muzeum Techniki i Sztuki Wojennej  (w organizacji);87-400;Golub-Dobrzyń Ostrowite;;;;;Stowarzyszenie na Rzecz Rekonstrukcji Chorągwi Kujawskiej;;Utworzone przez osoby prawne
645;Muzeum Techniki i Uzbrojenia Stowarzyszenia Strzelecko Kolekcjonerskiego Olimp w Olimpinie (w organizacji);86-061;Olimpin;ul.;Łąkowa;11;;Stowarzyszenie Strzelecko - Kolekcjonerskie Olimp  ;;Utworzone przez osoby prawne
646;Muzeum Techniki i Uzbrojenia Wojskowego w Kaliszu przy Stowarzyszeniu Strzeleckim ,,Bellona” (w organizacji);62-800;Kalisz;ul.;Konopnickiej;2-;4;Stowarzyszenie Strzeleckie ,,Bellona”;;Utworzone przez osoby prawne
647;Muzeum Techniki Militarnej i Historii Pomorza w Kłaninie (w organizacji);84-107;Kłanino;;Kłanino;2;;"Fundacja ""EXERCITUS""";;Utworzone przez osoby prawne
648;Muzeum Techniki Militarnej Riese;57-450;Ludwikowice;ul.;Fabryczna;37d;;Stowarzyszenie Riese;;Utworzone przez osoby prawne
649;Muzeum Techniki Militarnej w Warszawie (w organizacji);02-484;Warszawa;ul.;Na Krańcu;107;;Fundacja Ochrony Zabytków Techniki Wojskowej ;;Utworzone przez osoby prawne
650;Muzeum Techniki Rolniczej w Bierkowie (w organizacji);76-206;Bierkowo;ul.;Grodzka;168;;Fundacja Techniki Rolniczej;;Utworzone przez osoby prawne
651;Muzeum Techniki Wojskowej ,,GRYF”;84-242;Dąbrówka;ul.;ppłk. Ryszarda Lubowiedzkiego;2;;Fundacja Historyczna ,,Gryf”;;Utworzone przez osoby prawne
652;Muzeum Techniki Wojskowej i Tradycji Jednostki Strzeleckiej 4008 Łódź;91-735;Łódź;ul.;Źródłowa;52;;Stowarzyszenie Jednostka Strzelecka 4008 Łódź;;Utworzone przez osoby prawne
653;Muzeum Techniki Wojskowej przy Stowarzyszeniu Miłośników Sprzętu Pancernego „SKOT” w Środzie Wielkopolskiej ;63-000;Środa Wielkopolska;ul.;Marcinkowskiego;17;;Stowarzyszenie Miłośników Sprzętu Pancernego „SKOT” w Środzie Wielkopolskiej ;;Utworzone przez osoby prawne
654;Muzeum Tercetu Egzotycznego w Lubiniu (w organizacji);64-010;Krzywiń;ul.;Mickiewicza;3;;Stowarzyszenie Oliwskie Słoneczko z siedzibą w Lubiniu;;Utworzone przez osoby prawne
655;Muzeum Tradycji Kolejowej w Węgorzewie ;11-600;Węgorzewo;ul.;Jaracza;4;;Fundacja ,,Dziedzictwo Nasze”;;Utworzone przez osoby prawne
656;Muzeum Tradycji Rybactwa Stawów Milickich i Doliny Baryczy (w organizacji);56-300;Milicz;;Ruda Sułowska;20;;Spółka Akcyjna Stawy Milickie z siedzibą w Rudzie Sułowskiej ;;Utworzone przez osoby prawne
657;Muzeum Twierdzy Modlin w organizacji ;05-160;Nowy Dwór Mazowiecki;ul.;Bema;200C;;Fundacja Nasza Historia ;;Utworzone przez osoby prawne
658;Muzeum Twierdzy Przemyśl (w organizacji);37-700;Przemyśl;ul.;Katedralna;6;;Stowarzyszenie 3 Historycznego Galicyjskiego Pułku Artylerii Fortecznej im. Księcia Kinsky’ego z siedzibą w Przemyślu;;Utworzone przez osoby prawne
659;Muzeum Uniwersytetu Jagiellońskiego;31-010;Kraków;ul.;Jagiellońska;15;;Uniwersytet Jagielloński;15.07.2011;Utworzone przez osoby prawne
660;Muzeum Uzbrojenia w Stanisławowie (w organizacji);59-424;Stanisławów nr 41;;"Baza Lotnicza ,,Baryt""";;;Jednostka Poszukiwawczo-Ratownicza w Złotoryi;;Utworzone przez osoby prawne
661;Muzeum Wału Pomorskiego i Militarnej Historii Pomorza w Szczecinku                             ;78-400;Szczecinek;ul.;Kościuszki;93;;Ogólnopolskie Stowarzyszenie Turystyczno  Historyczne Jazda 4x4;;Utworzone przez osoby prawne
662;Muzeum Wału Pomorskiego w Wałczu  (w organizacji) ;78-600;Wałcz;ul.;Wojska Polskiego;99;19;Stowarzyszenie Grup Warownych Pojezierza Wałeckiego ;;Utworzone przez osoby prawne
663;Muzeum Wisły Środkowej i Ziemi Wyszogrodzkiej;09-450;Wyszogród;ul.;Rynek;1;;"Samorządowa instytucja kultury - Centrum Kultury ""Wisła"", dla której organizatorem jest Gmina i Miasto Wyszogród";;Utworzone przez osoby prawne
664;Muzeum Witrażu;31-111;Kraków;Aleja;Krasińskiego;23;;Krakowski zakład Witrażów S.G. Żeleński Sp. z o.o.;;Utworzone przez osoby prawne
665;Muzeum Wydziału Nauk o Ziemi Uniwersytetu Śląskiego w Katowicach;41-200;Sosnowiec;ul.;Będzińska;60;;Uniwersytet Śląski w Katowicach ;;Utworzone przez osoby prawne
666;Muzeum Zamek w Rydzynie (w organizacji);64-130;Rydzyna;pl.;Zamkowy;1;;Stowarzyszenie Inżynierów i Techników Mechaników Polskich z siedzibą w Warszawie ;;Utworzone przez osoby prawne
667;Muzeum-Zamek w Baranowie Sandomierskim;39-450;Baranów Sandomierski;ul.;Zamkowa;20;;Agencja Rozwoju Przemysłu S.A. w Warszawie;;Utworzone przez osoby prawne
668;Muzeum Zamku w Chudowie;44-177;Paniówki;ul.;Podzamcze;6 (Chudów);;Fundacja ,,Zamek Chudów”;;Utworzone przez osoby prawne
669;Muzeum-Zespół Zamkowy w Niedzicy;34-441;Niedzica;ul.;Niedzica-Zamek;1;;Stowarzyszenie Historyków Sztuki;;Utworzone przez osoby prawne
670;Muzeum Ziem Nadbużańskich – Zespół Pałacowy Ossolińskich Sterdyń  (w organizacji);08-320;Sterdyń;ul.;Kościelna;43;;Fundacja Patriotyzm i Niepodległość Naszych Ziem ;;Utworzone przez osoby prawne
671;Muzeum Żołnierzy Wyklętych i Więźniów Politycznych PRL;02-521;Warszawa;ul.;Rakowiecka;37a;;Muzeum działa w strukturze organizacyjnej Centralnego Zarządu Służby Więziennej ;;Utworzone przez osoby prawne
672;Muzeum Żywej Historii (w organizacji);72-010;Police;ul.;Usługowa;1a;;"Stowarzyszenie Historyczne ""549""";;Utworzone przez osoby prawne
673;Ośrodek Dokumentacji i Historii Ziemi Żmigrodzkiej - Muzeum im. Leona Karcińskiego w Nowym Żmigrodzie                                                                                                   (w organizacji);38-230;Nowy Żmigród;ul.;Dukielska;1;;Towarzystwo Miłośników Nowego Żmigrodu;;Utworzone przez osoby prawne
674;Pałuckie Muzeum Techniki Wojskowej i Uzbrojenia w Kowalewku;89-240;Kcynia Kowalewko;;;28;;Jednostka Ratownictwa Medycznego w Kowalewku ;;Utworzone przez osoby prawne
675;Pilskie Muzeum Wojskowe (w organizacji);64-920;Piła;ul.;Ludowa;60;7;Stowarzyszenie Przedmoście Piła ;;Utworzone przez osoby prawne
676;Podlaskie Muzeum Militariów w Białymstoku (w organizacji);15-740;Białystok;ul.;Antoniukowska;11;;"Stowarzyszenie Pasjonatów Historii Ziemi Podlaskiej oraz Kolekcjonerów Militariów ""Grupa Wschód""";;Utworzone przez osoby prawne